city,population,include,migration_2020,unemployment_rate,median_income,median_age,summer_comfort_index,winter_comfort_index,cost_of_living_index,mean_commute_time,mean_school_expense,student_per_teacher,violent_crime_index,property_crime_index,sales_tax_rate,income_tax_rate,health_cost_index,water_quality_index,air_quality_index,white_percent,black_percent,asian_percent,native_american_percent,pacific_islander_percent,other_percent,multiple_percent,hispanic_percent,population_density,median_house_price
Aberdeen,16842,1,-0.036,0.088,39735,35.1,8.6,5.2,0.852,20.9,11269,17.4,33.7,71.9,0.089,0,0.833,0.52,0.75,0.702,0.003,0.015,0.035,0.01,0,0.042,0.193,1551,252800
Aberdeen Gardens,278,1,0.474,0.088,56607,46.5,8.6,5.2,0.89,25.8,11269,17.4,11.2,34,0.088,0,0.833,0.52,0.91,0.682,0,0.004,0,0,0,0.102,0.212,187,275800
Acme,108,1,-0.496,0.067,18072,27.8,9.1,5.3,1.08,21,11652,17.8,16.4,50,0.085,0,0.789,0.6,0.92,1,0,0,0,0,0,0,0,32,486500
Addy,45,1,-0.22,0.08,15764,44.8,8.7,4.1,0.965,27.8,10305,18.6,16.4,50,0.076,0,0.804,0.6,0.89,0.25,0,0,0.75,0,0,0,0,289,344800
Ahtanum,3906,1,-0.204,0.072,49087,37.1,9,5.1,0.946,18.9,9356,20.4,13,44.5,0.079,0,0.813,0.53,0.69,0.705,0.022,0.003,0.012,0,0,0.004,0.254,451,298300
Airway Heights,10108,1,0.378,0.063,37989,33.6,9.1,4,0.959,17.5,14570,18.5,8.6,65,0.09,0,0.82,0.38,0.68,0.663,0.058,0.056,0.037,0.003,0,0.077,0.106,1601,365500
Albion,580,1,0.312,0.048,40893,32.2,9,4.4,0.807,15.3,9247,21,10.7,32.7,0.078,0,0.825,0.27,0.87,0.898,0,0.005,0.032,0,0.009,0.034,0.022,1500,256700
Alder,189,1,-0.54,0.068,66450,29.7,9,5.1,1.27,31.2,12757,18.8,8.2,25.1,0.099,0,0.8,0.6,0.89,0.677,0,0,0,0,0,0.323,0,45,379900
Alderton,2610,1,0.151,0.068,63125,41.7,9.2,5.4,1.267,34.6,10690,21,11.8,40.2,0.099,0,0.8,0.6,0.54,0.859,0,0.01,0,0,0,0.022,0.109,673,380600
Alderwood Manor,10359,1,0.116,0.063,67917,37,9.2,5.4,1.339,30.1,10150,20.6,12.1,42.2,0.103,0,0.801,0.53,0.31,0.65,0.047,0.183,0.001,0.003,0,0.049,0.067,4780,560400
Alger,222,1,-0.052,0.07,62604,50.5,9.1,5.2,1.188,25.4,10413,18.9,9.6,28.6,0.085,0,0.791,0.52,0.81,0.774,0,0,0,0,0,0.226,0,97,424100
Algona,3271,1,0.103,0.054,57098,32.3,9.2,5.2,1.262,31.4,11739,19.3,7,31.9,0.1,0,0.817,0.6,0.31,0.6,0.051,0.103,0.008,0.003,0,0.043,0.192,2429,479100
Allyn,2363,1,0.919,0.077,67632,46.6,9.2,5.3,1.1,32.1,9733,18.3,8.9,27.5,0.085,0,0.811,0.5,0.77,0.934,0,0,0.007,0,0,0.013,0.046,1857,514500
Almira,296,1,-0.091,0.056,42045,42.7,9,4.4,0.808,24.3,31577,8.9,9.5,29.1,0.08,0,0.839,0.43,0.93,0.836,0.009,0.041,0,0,0,0.041,0.073,539,176100
Altoona,33,1,1,0.074,56250,64.8,8.7,5.1,0.992,0,10188,22.3,6.2,19,0.076,0,0.793,0.6,0.9,0.836,0,0,0.115,0,0,0.049,0,14,1611300
Amanda Park,84,1,-0.247,0.088,33750,34.8,8.7,4.4,0.912,25.8,24779,11.8,13.8,42.1,0.088,0,0.833,0.52,0.97,0.622,0,0,0.118,0,0,0.034,0.227,15,243800
Amboy,1832,1,0.599,0.062,49663,21.8,9,4.9,1.373,34.3,9498,19.3,9.2,28.1,0.077,0,0.776,0.47,0.82,0.977,0,0.004,0.002,0,0,0.006,0.009,221,620400
Ames Lake,1264,1,0.103,0.054,108988,42,9.2,5.3,1.771,29.1,9968,21.4,9.3,28.2,0.1,0,0.817,0.6,0.66,0.851,0.012,0.054,0,0.008,0.017,0.022,0.036,1020,902800
Anacortes,17437,1,0.048,0.07,59369,48.6,9,5.7,1.321,22.1,10007,20.6,8,43,0.085,0,0.791,0.52,0.63,0.895,0.005,0.026,0.008,0.001,0,0.024,0.041,1513,684400
Anderson Island,1564,1,0.425,0.068,45694,63.4,9.2,5.3,1.11,31.2,10711,20.4,8.1,25.2,0.079,0,0.8,0.6,0.75,0.939,0.012,0,0,0,0,0.021,0.028,180,455000
Arlington,19832,1,0.117,0.063,61131,38.1,9.1,5.3,1.243,29.5,9230,21.1,12.4,69.5,0.091,0,0.801,0.53,0.55,0.823,0.015,0.024,0.017,0.002,0,0.032,0.087,2150,586100
Arlington Heights,2774,1,0.357,0.063,72893,41.3,9.1,5.3,1.382,31.8,9230,21.1,8.3,25,0.103,0,0.801,0.53,0.81,0.978,0.001,0,0.004,0,0,0.017,0.001,363,551300
Artondale,14495,1,0.14,0.068,87850,44.4,9.3,5.5,1.432,27.5,9358,20.8,10.2,33.4,0.079,0,0.8,0.6,0.65,0.892,0.005,0.012,0.007,0.001,0.003,0.036,0.044,1045,682200
Ashford,657,1,-0.09,0.068,37275,60.5,8.8,4,1.008,31.2,12757,18.8,9.9,30.8,0.079,0,0.8,0.6,0.89,1,0,0,0,0,0,0,0,86,315900
Asotin,1072,1,0.33,0.045,53235,43.7,9,5,0.912,15.5,10400,16.9,10.2,28,0.077,0,0.811,0.33,0.87,0.925,0.007,0.005,0,0.004,0,0.042,0.016,1251,312300
Auburn,85306,1,0.156,0.07,57635,34.8,9.3,5.3,1.326,31.7,11739,19.3,21.4,73.7,0.1,0,0.817,0.6,0.37,0.595,0.046,0.098,0.021,0.025,0.003,0.068,0.144,2746,568500
Bainbridge Island,24557,1,0.054,0.058,95976,47.7,9.3,5.5,1.818,42.1,12097,19.9,10,22.2,0.09,0,0.834,0.4,0.6,0.871,0.01,0.034,0.001,0.001,0.003,0.042,0.039,918,1146000
Bangor Base,6407,1,0.525,0.058,45707,22.4,9.2,5.4,1.02,17.5,10543,18.6,14.7,54,0.09,0,0.834,0.4,0.76,0.668,0.02,0.028,0.012,0.003,0,0.07,0.198,602,530300
Banks Lake South,133,1,0.942,0.071,35795,39.1,8.9,4.7,0.918,18.9,16807,12.2,11.2,34,0.079,0,0.827,0.5,0.93,0.859,0.07,0,0,0,0,0.07,0,118,262100
Barberton,7865,1,0.316,0.062,79071,40.8,9.3,5.3,1.25,24.5,9498,19.3,10,34.5,0.084,0,0.776,0.47,0.46,0.883,0.008,0.047,0.006,0,0,0.012,0.043,1689,542900
Baring,188,1,0,0.054,33438,59.1,8.6,3.8,1.19,29.1,52611,4.8,12.2,37.5,0.097,0,0.817,0.6,0.68,0.948,0,0,0.035,0,0,0.017,0,177,499100
Barney's Junction,58,1,1.947,0.098,30144,61.1,8.6,4.2,1.05,22.2,9489,19.9,12,37.4,0.077,0,0.81,0.6,0.94,0.846,0,0,0,0,0,0.154,0,877,309800
Barstow,58,1,4.667,0.098,58000,24.6,8.6,4.2,1.005,22.2,13646,26.5,9,27.7,0.077,0,0.81,0.6,0.94,0.899,0,0,0,0,0,0.101,0,220,328200
Basin City,796,1,0.454,0.07,51607,22.9,9.2,5.3,0.888,21.5,13134,18.4,13.4,39.9,0.08,0,0.795,0.2,0.87,0.022,0,0,0,0,0,0,0.978,440,525300
Battle Ground,20536,1,0.19,0.062,57347,32.4,9.2,5.1,1.277,29.5,9498,19.3,8.9,28.7,0.077,0,0.776,0.47,0.54,0.87,0.004,0.023,0.005,0.002,0.001,0.019,0.077,2564,552700
Bay Center,165,1,-0.097,0.082,36944,56.6,8.4,5.2,1.063,19.3,12706,14.1,10.2,31,0.081,0,0.8,0.5,0.94,0.791,0,0,0,0,0,0.121,0.088,252,314100
Bay View,658,1,-0.082,0.07,99018,59.7,9.2,5.5,1.466,25.4,10413,18.9,7.2,21.8,0.085,0,0.791,0.52,0.74,0.989,0,0,0,0,0,0,0.011,259,674600
Beaux Arts Village,325,1,-0.088,0.054,164375,46,9.4,5.7,3.28,29.1,14197,19.5,7.1,21.4,0.1,0,0.817,0.6,0.28,0.906,0,0.058,0,0,0.012,0.012,0.012,3880,2695800
Belfair,4179,1,0.27,0.077,51681,33.9,9.2,5.3,1.041,32.1,9733,18.3,14.3,48.7,0.085,0,0.811,0.5,0.79,0.746,0.009,0.01,0.005,0.007,0,0,0.223,617,441000
Bell Hill,805,1,0.033,0.074,82143,66.5,8.9,5.6,1.417,21.2,9087,19.4,6.2,18.5,0.084,0,0.803,0.6,0.87,1,0,0,0,0,0,0,0,352,804500
Bellevue,149365,1,0.164,0.044,92524,38.2,9.3,5.5,1.997,23.4,14197,19.5,9.6,45.6,0.1,0,0.817,0.6,0.3,0.511,0.027,0.338,0.002,0.003,0.003,0.043,0.072,4425,1284700
Bellingham,90545,1,0.081,0.062,42440,31.1,9.1,5.3,1.232,17.7,10143,19.9,18.8,71.5,0.087,0,0.789,0.6,0.52,0.785,0.015,0.062,0.014,0.002,0.001,0.039,0.083,3392,606400
Benton City,3435,1,0.114,0.059,49655,39,8.9,5.5,0.973,23.7,9633,19.1,13.7,46.7,0.086,0,0.807,0.33,0.9,0.691,0,0.003,0.021,0,0,0.013,0.271,1427,375100
Bethel,4056,1,0.102,0.058,73140,40.1,9.2,5.3,1.203,35.5,9383,20.8,11.1,38,0.09,0,0.834,0.4,0.61,0.753,0.048,0.038,0.003,0,0,0.052,0.106,1222,363800
Bickleton,82,1,-0.193,0.064,61250,48.3,9.2,4.5,0.823,24.1,24921,7.6,10.1,31.4,0.07,0,0.803,0.47,0.92,0.97,0,0,0,0,0,0.03,0,15,222100
Big Lake,2279,1,0.018,0.07,88000,46.9,8.9,5.4,1.44,32.8,13839,19.1,7.6,23.3,0.085,0,0.791,0.52,0.85,0.859,0,0,0.004,0,0,0.035,0.101,509,536200
Bingen,786,1,-0.404,0.064,42885,36.5,9,4.2,0.89,24.1,9991,20.7,12.3,34.4,0.075,0,0.803,0.47,0.86,0.566,0,0,0,0,0,0.002,0.432,1205,276000
Birch Bay,10062,1,0.097,0.067,55035,51.5,9.2,5.3,1.109,25.9,11190,19.5,12.8,44.1,0.085,0,0.789,0.6,0.75,0.931,0.005,0.015,0.004,0.002,0,0.025,0.019,588,334700
Black Diamond,5002,1,0.075,0.054,66951,40.5,9,5.2,1.451,35.2,10702,16,8.6,19.6,0.086,0,0.817,0.6,0.69,0.82,0.002,0.036,0.022,0,0,0.019,0.102,828,747200
Blaine,5773,1,0.115,0.067,55229,46.5,9.2,5.3,1.121,21,11190,19.5,11.4,47.8,0.087,0,0.789,0.6,0.76,0.758,0.012,0.107,0.011,0.009,0.009,0.036,0.058,1006,497200
Blyn,28,1,-0.645,0.074,9148,66.8,8.9,5.6,1.202,21.2,9087,19.4,7.8,24.7,0.084,0,0.803,0.6,0.91,0.818,0,0,0.182,0,0,0,0,5,496800
Bonney Lake,22229,1,0.192,0.068,79725,34.2,9.1,5.2,1.351,38.3,10690,21,9.2,39.8,0.093,0,0.8,0.6,0.53,0.832,0.011,0.023,0.007,0.005,0.001,0.052,0.07,2784,637100
Bothell,47355,1,0.35,0.052,75643,37.1,9.3,5.5,1.668,30.5,11405,20.3,11.6,40.8,0.101,0,0.817,0.6,0.32,0.668,0.021,0.139,0.003,0.001,0.004,0.058,0.106,3479,915900
Bothell East,13437,1,0.536,0.063,104573,34.6,9.2,5.4,1.758,34.7,11405,20.3,9.5,31.8,0.103,0,0.801,0.53,0.34,0.546,0.025,0.315,0.01,0.006,0.004,0.031,0.063,5394,865700
Bothell West,20180,1,0.312,0.063,85258,35.7,9.2,5.4,1.411,31.9,11405,20.3,10.6,34.9,0.103,0,0.801,0.53,0.28,0.648,0.017,0.165,0.004,0,0.002,0.077,0.087,5358,602800
Boulevard Park,4544,1,-0.377,0.054,45541,32.9,9.5,5.5,1.182,28.5,12575,18.4,14.8,51.6,0.1,0,0.817,0.6,0.19,0.412,0.115,0.129,0.008,0,0,0.116,0.22,3500,467500
Boyds,28,1,1,0.098,22958,50.3,8.6,4.2,0.865,22.2,9489,19.9,8.9,26.6,0.077,0,0.81,0.6,0.94,0.184,0,0,0.447,0,0,0,0.368,400,309800
Brady,973,1,-0.633,0.088,68558,55.7,8.8,5.1,1.14,25.8,10480,19.4,8.6,25.9,0.088,0,0.833,0.52,0.87,0.931,0,0.069,0,0,0,0,0,63,251800
Bremerton,43345,1,0.05,0.073,43527,32.8,9.3,5.4,1.106,26.2,11195,17,31.8,60.7,0.09,0,0.834,0.4,0.53,0.708,0.057,0.051,0.006,0.007,0.002,0.081,0.088,1487,457600
Brewster,2329,1,0.053,0.079,37232,27,8.8,4.5,0.851,17.2,11999,17,13.6,33.8,0.081,0,0.825,0.6,0.94,0.272,0.015,0.002,0.004,0,0,0,0.707,2076,275100
Bridgeport,2412,1,-0.101,0.059,36504,27.1,8.9,4.5,0.811,23.7,9711,17.8,13.7,41.4,0.077,0,0.81,0.6,0.95,0.164,0,0,0.012,0,0,0.006,0.817,2519,198500
Brier,6524,1,0.092,0.063,98125,47.2,9.2,5.4,1.531,31.8,10150,20.6,9,20,0.103,0,0.801,0.53,0.3,0.81,0.011,0.066,0,0.002,0.001,0.05,0.06,3157,882100
Brinnon,881,1,-0.038,0.076,47019,65.6,9.1,5.3,0.954,23.5,24139,7.3,11.7,36.3,0.09,0,0.845,0.53,0.92,0.964,0,0.006,0,0,0,0.004,0.026,79,417000
Browns Point,1069,1,-0.063,0.068,85938,50,9.4,5.5,1.602,32.4,12309,18.6,8.2,25.6,0.099,0,0.8,0.6,0.43,0.816,0.011,0.018,0.004,0.014,0,0.057,0.081,3020,716500
Brush Prairie,2738,1,0.175,0.062,59730,40.8,9.1,5.1,1.503,32.7,9498,19.3,9,27.2,0.084,0,0.776,0.47,0.55,0.863,0.008,0.003,0,0,0.003,0.033,0.088,393,778800
Bryant,2074,1,0.099,0.063,73333,38.6,9.1,5.3,1.293,31.8,9230,21.1,7.9,24.2,0.103,0,0.801,0.53,0.73,0.891,0.015,0,0,0,0,0.027,0.066,349,509000
Bryn Mawr-Skyway,17620,1,0.282,0.054,57575,38.7,9.4,5.5,1.421,33.7,13146,19.3,15.8,52.3,0.1,0,0.817,0.6,0.26,0.258,0.235,0.326,0.002,0.004,0.002,0.069,0.103,6926,614100
Buckley,5098,1,0.053,0.068,57604,40.2,9.1,5.2,1.291,31.2,9859,20.8,12.6,30.4,0.079,0,0.8,0.6,0.86,0.935,0.007,0.01,0,0.002,0,0.038,0.007,1370,543000
Bucoda,557,1,0.16,0.059,35000,40.2,9.1,5.2,0.931,25.6,9769,19.6,13.5,41,0.079,0,0.784,0.5,0.75,0.942,0,0,0,0,0.014,0,0.044,1053,276200
Buena,545,1,1.423,0.072,23207,21.2,8.9,5.1,0.808,18.9,10552,20.3,13.8,41.6,0.079,0,0.813,0.53,0.88,0.108,0,0,0,0,0,0,0.892,2012,134900
Bunk Foss,3622,1,-0.051,0.063,93542,43.1,9.2,5.4,1.496,34.3,14334,22.7,10.6,36.2,0.103,0,0.801,0.53,0.54,0.863,0.006,0.02,0,0,0,0.039,0.071,1004,646800
Burbank,3733,1,-0.05,0.052,76111,41.5,8.8,5.5,0.983,15.6,10362,16.7,11.3,38.5,0.081,0,0.791,0.4,0.8,0.846,0.006,0,0.009,0,0,0,0.139,263,403600
Burien,51646,1,0.549,0.071,52140,38.4,9.5,5.5,1.375,28.9,12575,18.4,29.6,66.3,0.1,0,0.817,0.6,0.2,0.502,0.069,0.122,0.007,0.013,0,0.043,0.243,5096,600700
Burley,2499,1,-0.075,0.058,56719,38.5,9.2,5.3,1.316,31.4,9383,20.8,12,36.6,0.09,0,0.834,0.4,0.66,0.84,0.009,0,0.034,0.064,0,0.032,0.02,430,514100
Burlington,9220,1,0.051,0.07,48399,35,9.1,5.5,1.12,19,10413,18.9,13.2,96,0.085,0,0.791,0.52,0.69,0.667,0.011,0.015,0.007,0.011,0.002,0.016,0.271,2231,477600
Camano,17235,1,1.177,0.065,66890,53.4,9,5.8,1.312,43.8,9575,20.9,11.2,36.9,0.087,0,0.754,0.2,0.78,0.91,0.002,0.015,0.004,0.001,0.001,0.012,0.055,432,625800
Camas,25774,1,0.204,0.062,84643,39.4,9.1,5,1.367,26.6,10916,20,8.1,24.8,0.084,0,0.776,0.47,0.55,0.823,0.013,0.075,0.008,0,0,0.032,0.05,1864,705900
Canterwood,2975,1,0.208,0.068,116058,48.1,9.3,5.4,1.571,30.9,9358,20.8,8.2,28.4,0.099,0,0.8,0.6,0.65,0.824,0.007,0.092,0,0,0,0.011,0.065,1616,797700
Canyon Creek,3373,1,0.179,0.063,68646,39.6,9.1,5.2,1.082,31.8,11193,20.8,11.8,40.4,0.103,0,0.801,0.53,0.79,0.928,0.009,0.004,0,0,0,0.033,0.026,586,376500
Carbonado,560,1,0.094,0.068,55972,35.6,8.7,4.8,1.123,31.2,11157,15.8,10.2,31,0.079,0,0.8,0.6,0.85,0.92,0,0,0.005,0,0,0.005,0.071,1782,433800
Carlsborg,871,1,-0.242,0.074,29141,66.1,8.9,5.6,0.765,21.2,9087,19.4,10.9,32.8,0.084,0,0.803,0.6,0.86,0.982,0,0,0,0,0,0,0.018,767,177000
Carnation,2219,1,-0.131,0.054,65536,36.8,9.1,5.3,1.686,33.3,10528,20.8,8.1,33,0.086,0,0.817,0.6,0.76,0.773,0.006,0.033,0,0.003,0,0.03,0.155,2002,907700
Carson,2602,1,0.171,0.072,41094,33.8,9,4.3,1.066,30.5,11054,19.3,12.6,38.7,0.077,0,0.793,0.59,0.86,0.82,0,0,0.064,0,0,0.002,0.114,597,399900
Cascade Valley,3290,1,-0.345,0.071,36250,47.3,9.2,4.9,0.943,18.9,11527,20,9.8,29.6,0.079,0,0.827,0.5,0.79,0.707,0.011,0.009,0,0,0,0.012,0.261,641,127100
Cashmere,3215,1,0.035,0.059,47772,38.7,8.9,4.1,1.094,18.6,9433,19.5,14,48.8,0.082,0,0.806,0.59,0.82,0.751,0.003,0.015,0.005,0,0,0.004,0.222,2755,428400
Castle Rock,2706,1,0.246,0.07,34185,37,9,5.1,1.063,25,9200,19.8,14.2,38.7,0.078,0,0.783,0.6,0.77,0.835,0,0.011,0.006,0,0,0.108,0.041,1158,440700
Cathcart,2241,1,0.187,0.063,96442,53.2,9.1,5.3,1.672,31.8,14334,22.7,8.5,26,0.103,0,0.801,0.53,0.51,0.901,0.018,0.02,0,0,0,0.061,0,700,668300
Cathlamet,599,1,0.262,0.074,44875,31.8,9,5,0.983,0,12030,18.3,12.3,37.9,0.076,0,0.793,0.6,0.9,0.699,0.01,0.017,0.018,0.001,0,0.004,0.25,1084,380600
Cavalero,5582,1,0.141,0.063,98605,34.7,9.1,5.3,1.33,38.9,9502,22.2,9.9,34.4,0.103,0,0.801,0.53,0.57,0.885,0.002,0.01,0.001,0,0.007,0.058,0.037,3472,493700
Centerville,135,1,-0.542,0.064,43958,49.8,9.1,4.8,0.797,24.1,13213,17.2,12,37,0.07,0,0.803,0.47,0.86,1,0,0,0,0,0,0,0,36,237400
Central Park,3144,1,0.049,0.088,49044,48.3,8.6,5.2,0.954,25.8,11269,17.4,9.4,28.6,0.088,0,0.833,0.52,0.87,0.888,0,0.012,0.01,0,0.004,0.01,0.074,833,302700
Centralia,17988,1,0.037,0.07,37230,37.2,9.1,5.3,0.938,22.2,9852,19.5,28.8,72.3,0.082,0,0.796,0.6,0.58,0.775,0.001,0.01,0.004,0.002,0,0.032,0.176,2392,358300
Chain Lake,4923,1,0.014,0.063,89468,36.8,9.1,5.3,1.493,40.1,9437,23.6,9,30.7,0.103,0,0.801,0.53,0.66,0.894,0,0.003,0.021,0.004,0.009,0.052,0.018,437,621300
Chehalis,7427,1,0.012,0.07,34967,33,9.1,5.3,1.001,22,10260,18.9,12.3,94.9,0.082,0,0.796,0.6,0.58,0.786,0.036,0.004,0.003,0,0,0.05,0.121,1348,445200
Chelan,4237,1,0.042,0.059,36901,43.7,9.1,4.5,1.146,18.6,10550,17.5,12.1,70.3,0.082,0,0.806,0.59,0.93,0.624,0,0,0,0,0,0,0.376,655,424200
Chelan Falls,97,1,-0.896,0.059,20313,32.5,9.4,3.8,0.938,18.6,10550,17.5,11.9,36.6,0.082,0,0.806,0.59,0.93,1,0,0,0,0,0,0,0,319,416600
Cheney,12743,1,0.141,0.063,28194,22.9,9.1,4,1.022,18.5,14570,18.5,13.9,36.1,0.088,0,0.82,0.38,0.71,0.772,0.047,0.032,0.011,0.004,0,0.036,0.098,2977,412000
Cherry Grove,588,1,0.969,0.062,95313,19.8,9.2,5.1,1.25,26.4,9498,19.3,6.4,19.1,0.084,0,0.776,0.47,0.56,0.845,0,0.001,0,0.001,0,0,0.152,317,755300
Chewelah,2479,1,0.017,0.08,30541,50.8,8.7,4.1,0.968,27.8,10305,18.6,10.7,44.7,0.076,0,0.804,0.6,0.84,0.88,0.03,0.013,0,0,0,0.059,0.018,900,306400
Chico,3187,1,0.076,0.058,99464,47.2,9.2,5.3,1.412,29,10543,18.6,7.5,22.8,0.09,0,0.834,0.4,0.69,0.677,0.003,0.17,0.011,0,0,0.07,0.069,1209,543300
Chinook,259,1,-0.013,0.082,50787,44.1,8.5,5.2,0.92,19.3,12133,19.2,7.9,24.5,0.081,0,0.8,0.5,0.94,0.867,0,0,0,0,0,0,0.133,327,371900
Clallam Bay,762,1,-0.585,0.074,9705,53.1,8.6,4.7,0.833,21.2,17323,12,14.4,44.5,0.084,0,0.803,0.6,0.97,0.721,0,0,0.117,0,0,0.014,0.148,690,273300
Clarkston,7164,1,0.019,0.045,29824,35.2,8.8,5.1,0.883,14.4,10027,19.8,25.3,95.1,0.077,0,0.811,0.33,0.62,0.899,0,0.007,0.007,0,0,0.023,0.063,3758,278700
Clarkston Heights-Vineland,6829,1,0.007,0.045,62743,49.9,8.8,5.1,0.961,15.5,10027,19.8,10.7,36.3,0.077,0,0.811,0.33,0.83,0.922,0.001,0.022,0.018,0.003,0,0.012,0.021,1103,299300
Clayton,292,1,-0.381,0.08,31750,35.5,8.9,3.7,1.001,27.8,9291,22.1,16.4,50,0.076,0,0.804,0.6,0.84,0.914,0,0,0.036,0,0,0,0.05,298,416400
Cle Elum,2147,1,0.077,0.071,43363,37.9,9.2,3.7,1.192,21.3,10652,17.8,11.2,58.2,0.08,0,0.803,0.6,0.94,0.884,0,0.003,0,0,0.007,0.042,0.064,489,592000
Clear Lake (Pierce Cnty),1096,1,-0.336,0.068,62014,41,9,5.1,1.238,31.2,12757,18.8,8.8,26.7,0.099,0,0.8,0.6,0.83,0.881,0,0,0.014,0.016,0,0.06,0.03,113,463700
Clear Lake (Skagit Cnty),1043,1,-0.023,0.07,68750,42.2,9.1,5.4,1.11,25.4,13839,19.1,10.4,31.8,0.097,0,0.791,0.52,0.86,0.99,0,0,0,0,0,0,0.01,561,409900
Clearview,3621,1,0.139,0.063,105257,41.2,9.1,5.3,1.714,31.3,14334,22.7,10.5,36,0.103,0,0.801,0.53,0.43,0.845,0,0.057,0,0,0,0.018,0.08,908,718700
Cliffdell,129,1,1.963,0.072,32985,46.8,8.5,4.8,0.864,1.9,9281,18.3,13.4,41.1,0.079,0,0.813,0.53,0.91,0.975,0,0,0.013,0,0,0.013,0,47,255800
Clinton,1033,1,-0.261,0.065,52198,61.4,9.2,5.5,1.322,27.8,11223,19,8.4,26.2,0.087,0,0.754,0.2,0.71,0.911,0.001,0,0,0,0,0.019,0.069,860,647800
Clover Creek,7718,1,0.016,0.068,63682,40.2,9.2,5.4,1.182,29.4,10682,18.2,13.2,45.9,0.099,0,0.8,0.6,0.52,0.708,0.022,0.047,0.01,0.019,0,0.089,0.107,1143,472600
Clyde Hill,3118,1,0.098,0.054,192250,45.5,9.4,5.7,4.33,20.9,14197,19.5,7.9,20.2,0.1,0,0.817,0.6,0.22,0.76,0.009,0.172,0,0,0,0.041,0.019,3218,3729900
Cohassett Beach,483,1,0.254,0.088,31453,50.8,8.6,5.3,0.906,25.8,12893,16.1,12.3,37.8,0.088,0,0.833,0.52,0.94,0.794,0,0,0,0,0,0.021,0.185,586,232200
Colfax,2808,1,0.017,0.048,45729,42.6,9,4.6,0.832,15.3,10143,19.8,11.2,32.2,0.078,0,0.825,0.27,0.89,0.947,0.013,0.012,0.002,0,0,0.007,0.018,746,276400
College Place,9739,1,0.063,0.052,43133,35.5,8.9,5.2,0.945,15.6,17779,19.2,10.7,42.5,0.087,0,0.791,0.4,0.66,0.773,0.008,0.011,0.006,0.002,0.001,0.027,0.172,3185,363000
Colton,403,1,0.595,0.048,60729,42,9,4.3,0.953,22.6,17241,12.7,6,5.5,0.078,0,0.825,0.27,0.9,0.948,0,0.005,0,0,0,0.039,0.008,718,367300
Colville,4871,1,-0.01,0.08,33953,42.8,8.6,4.1,0.945,27.8,10226,18.6,8.1,40.1,0.076,0,0.804,0.6,0.63,0.861,0.003,0.023,0,0,0,0.043,0.069,1565,310900
Conconully,182,1,0.17,0.079,32917,63.3,8.9,3.5,0.808,17.2,6716,24.8,10.6,32.7,0.081,0,0.825,0.6,0.95,0.923,0,0.009,0,0,0,0.014,0.055,787,232000
Concrete,908,1,-0.143,0.07,36667,36.9,9,4.6,1.025,25.4,13434,17.9,14.8,45.4,0.085,0,0.791,0.52,0.93,0.876,0,0.011,0.047,0.007,0,0.041,0.019,638,394400
Connell,4888,1,0.526,0.07,51094,33.8,9.1,5.2,0.88,21.5,13134,18.4,10.8,14.6,0.08,0,0.795,0.2,0.87,0.421,0.059,0.035,0.018,0.005,0,0.023,0.439,709,268700
Conway,45,0,-0.851,0.07,,,9,5.4,1.12,25.4,11913,18.8,,,0.08,0,,,,1,0,0,0,0,0,0,0,,572500
Copalis Beach,437,1,1.192,0.088,33140,44,8.6,5,0.809,25.8,10834,17.5,16.4,50,0.088,0,0.833,0.52,0.95,0.816,0.007,0.025,0.12,0,0,0.009,0.023,163,229500
Cosmopolis,2097,1,0.165,0.088,57159,45.1,8.8,5.2,0.92,25.8,14405,14.9,5.5,28,0.088,0,0.833,0.52,0.81,0.857,0.006,0.002,0.019,0,0,0.049,0.068,1214,304300
Cottage Lake,22779,1,0.077,0.054,134802,43,9.2,5.3,1.904,30.7,11405,20.3,8.8,28.6,0.086,0,0.817,0.6,0.48,0.825,0.011,0.066,0,0.004,0.001,0.048,0.047,1125,1070500
Coulee City,516,1,0.138,0.071,43269,41,8.9,4.7,0.788,18.9,16807,12.2,12.5,49,0.079,0,0.827,0.5,0.93,0.988,0,0,0,0,0,0,0.012,615,256300
Coulee Dam,1394,1,0.132,0.079,51813,38.4,8.9,4.4,0.798,17.2,25135,16.9,7.1,36.2,0.077,0,0.825,0.6,0.93,0.499,0,0.007,0.351,0,0,0.081,0.062,1498,237800
Country Homes,6148,1,0.097,0.063,46607,22.4,9.1,4,1.047,20.2,9200,20.6,13.2,46,0.088,0,0.82,0.38,0.4,0.856,0.007,0.018,0.012,0.003,0,0.052,0.052,3747,307200
Coupeville,1937,1,0.078,0.065,51591,55.9,9,5.8,1.207,27.8,10799,18.2,11.7,25.9,0.087,0,0.754,0.2,0.84,0.764,0.002,0.035,0,0.004,0,0.026,0.17,1570,542400
Covington,20608,1,0.185,0.054,87315,37,9.2,5.3,1.377,33.9,9946,19.8,15.2,50,0.086,0,0.817,0.6,0.45,0.707,0.052,0.107,0.001,0.002,0,0.058,0.071,3645,571200
Cowiche,416,1,3.923,0.072,29583,21,9.1,4.9,0.906,18.9,9702,16.9,14.8,45.8,0.079,0,0.813,0.53,0.9,0.033,0,0,0,0,0,0.276,0.691,1866,305000
Creston,218,1,0.108,0.056,36364,47.9,8.9,4.3,0.987,24.3,21288,7.6,9.5,29.1,0.08,0,0.839,0.43,0.93,0.943,0,0,0.027,0.003,0,0.024,0.003,566,355600
Crocker,1230,1,0.464,0.068,78036,39,9.2,5.5,1.181,31.2,9377,20.7,7.2,21.8,0.099,0,0.8,0.6,0.84,0.867,0,0,0,0,0,0.028,0.105,201,362800
Curlew,76,1,1.191,0.098,26563,38.4,8.9,3.7,0.828,22.2,13289,13.2,15.7,48,0.077,0,0.81,0.6,0.94,0.799,0,0,0,0,0,0.201,0,203,262900
Curlew Lake,546,1,0.288,0.098,49125,52.8,8.9,3.7,0.88,22.2,12393,15.6,9.1,28,0.077,0,0.81,0.6,0.94,0.967,0,0,0,0,0,0.033,0,136,271200
Cusick,70,1,-0.737,0.092,16875,55.4,8.8,3.4,0.938,29.2,11818,12.8,95.3,88.7,0.076,0,0.795,0.6,0.86,0.94,0,0,0,0,0,0,0.06,432,328300
Custer,412,1,-0.72,0.067,56016,68.4,9.1,5.1,1.21,20,10402,18.5,10.2,30,0.085,0,0.789,0.6,0.77,1,0,0,0,0,0,0,0,89,601000
Dallesport,1465,1,0.276,0.064,38833,49.7,9.2,5,0.951,24.1,11296,15.9,11.1,33.8,0.07,0,0.803,0.47,0.86,0.916,0,0.016,0,0,0,0.068,0,279,398300
Danville,66,1,-0.441,0.098,67188,28.9,8.8,3.7,0.785,22.2,13289,13.2,9.4,29.6,0.077,0,0.81,0.6,0.94,0.421,0,0,0,0,0,0.579,0,114,309800
Darrington,1116,1,-0.022,0.063,33250,43.7,9,4.3,1.068,31.8,11754,16.4,27.4,41.2,0.089,0,0.801,0.53,0.92,0.865,0.021,0,0.016,0,0.017,0.073,0.007,802,378800
Dash Point,1035,1,0.163,0.068,102574,49,9.4,5.5,1.644,34.2,12309,18.6,8.9,27.1,0.099,0,0.8,0.6,0.44,0.798,0.005,0.09,0.02,0,0,0.065,0.022,1719,763600
Davenport,1785,1,-0.224,0.056,47391,44.2,8.9,4.2,0.886,24.3,12136,17,10.6,32.5,0.08,0,0.839,0.43,0.84,0.952,0.001,0.003,0.004,0.002,0,0.011,0.027,1054,346300
Dayton,2544,1,0.104,0.065,39185,50.3,9,4.9,0.79,16,12882,14.3,11.1,33.9,0.083,0,0.806,0.33,0.89,0.839,0.008,0.036,0.006,0,0,0.014,0.098,1699,232400
Deep River,246,1,-0.156,0.074,34605,61,8.6,5.1,0.997,0,10188,22.3,9.7,28.8,0.076,0,0.793,0.6,0.9,0.974,0,0,0,0,0,0.026,0,13,211300
Deer Park,4366,1,0.113,0.063,31397,33.3,9,3.8,1.102,31.4,9291,22.1,14.2,48.8,0.081,0,0.82,0.38,0.69,0.903,0.005,0,0.012,0.002,0,0.016,0.062,647,451800
Deming,239,1,-0.161,0.067,36094,27.9,9,4.7,1.092,21,11652,17.8,10.3,31.9,0.085,0,0.789,0.6,0.92,1,0,0,0,0,0,0,0,50,340300
Des Moines,32631,1,0.057,0.074,58308,40.5,9.4,5.5,1.32,30.7,12575,18.4,23.8,52.3,0.1,0,0.817,0.6,0.17,0.532,0.067,0.125,0.004,0.03,0.001,0.059,0.182,5037,571000
Desert Aire,2819,1,1.401,0.071,46250,18.5,8.7,5.5,0.916,18.9,10063,18.8,12.1,36.6,0.079,0,0.827,0.5,0.93,0.25,0,0,0,0,0,0.015,0.735,899,444500
Disautel,16,0,-0.371,0.079,,54.7,8.8,4.5,0.826,17.2,6716,24.8,,,0.079,0,,,,0.273,0,0,0.727,0,0,0,0,,342500
Dixie,175,1,0.662,0.052,51875,51.1,9,5,0.823,15.6,23406,9.7,12.3,37.2,0.081,0,0.791,0.4,0.88,0.973,0,0,0,0,0,0.027,0,483,276400
Dollars Corner,665,1,-0.328,0.062,57125,54.9,9.2,5.1,1.333,26.4,9498,19.3,7.3,22.3,0.084,0,0.776,0.47,0.57,0.823,0.043,0.019,0.023,0.087,0,0.005,0,204,577000
Donald,0,0,-1,0.072,,,9,5.1,0.911,18.9,16160,18.4,,,0.084,0,,,,,,,,,,,,,270700
Duluth,1273,1,-0.129,0.062,40341,39.6,9.2,5.1,1.534,26.4,13699,22.4,8,24.1,0.084,0,0.776,0.47,0.59,0.958,0,0.016,0,0,0,0.015,0.012,251,639000
DuPont,9974,1,0.303,0.068,80754,31.3,9.3,5.3,1.192,20.8,10711,20.4,9.2,14.5,0.093,0,0.8,0.6,0.67,0.686,0.124,0.041,0,0.018,0,0.053,0.078,1650,493800
Duvall,8007,1,0.225,0.054,105729,36.4,9,5.2,1.645,32.4,10528,20.8,7.2,15.2,0.086,0,0.817,0.6,0.71,0.845,0.029,0.026,0,0,0,0.033,0.067,3328,875300
East Cathlamet,521,1,0.156,0.074,52188,63.4,9,5,0.956,0,12030,18.3,9.1,27.5,0.076,0,0.793,0.6,0.9,0.93,0,0,0.07,0,0,0,0,332,133800
East Port Orchard,5087,1,-0.071,0.058,57960,33.8,9.3,5.4,1.045,30.3,9383,20.8,14,48.8,0.09,0,0.834,0.4,0.59,0.718,0.02,0.028,0.015,0.005,0,0.081,0.133,3644,318500
East Renton Highlands,12392,1,0.033,0.054,92556,46.1,9.1,5.2,1.426,32.5,12865,20.9,11.4,36.9,0.1,0,0.817,0.6,0.49,0.786,0.011,0.079,0.002,0,0,0.046,0.076,1090,711800
East Wenatchee,14113,1,0.061,0.059,52989,33.7,9.2,4.6,1.034,16.5,15966,19.7,10.9,45,0.082,0,0.81,0.6,0.71,0.637,0.003,0.008,0.005,0.002,0,0.038,0.307,3699,443200
Eastmont,23088,1,0.134,0.063,89931,38.7,9.2,5.3,1.377,29.7,12507,21.3,10.7,35,0.103,0,0.801,0.53,0.35,0.719,0.02,0.112,0.002,0.003,0.001,0.051,0.092,4652,565700
Easton,382,1,-0.252,0.071,51250,44.8,8.9,3.4,1.226,21.3,21511,10.3,10.2,31.9,0.08,0,0.803,0.6,0.94,0.975,0,0,0,0,0,0,0.025,140,515300
Eatonville,2863,1,0.099,0.068,61458,37.8,9,5.1,1.29,44.7,12757,18.8,11.2,29.7,0.079,0,0.8,0.6,0.89,0.858,0,0.011,0,0,0,0.058,0.073,1659,492900
Edgewood,12132,1,0.085,0.068,78328,43.5,9.2,5.5,1.357,30,10156,20.4,10.6,36.5,0.099,0,0.8,0.6,0.48,0.815,0.001,0.033,0.028,0,0,0.046,0.078,1596,651900
Edison,316,1,0.345,0.07,50481,71.2,9.1,5.5,1.316,25.4,10413,18.9,7.7,23,0.085,0,0.791,0.52,0.81,1,0,0,0,0,0,0,0,293,641000
Edmonds,42622,1,0.041,0.052,72926,46.6,9.3,5.5,1.536,32.7,10150,20.6,9.8,38,0.103,0,0.801,0.53,0.36,0.792,0.011,0.085,0.004,0.005,0.001,0.049,0.053,4774,803100
Electric City,954,1,-0.089,0.071,52396,55.5,9,4.5,0.829,18.9,25135,16.9,10.3,31.7,0.079,0,0.827,0.5,0.93,0.73,0,0.006,0.175,0,0,0.035,0.054,488,278600
Elk Plain,15157,1,0.001,0.068,65830,35.4,9.1,5.3,1.146,41,10733,20.8,13.7,44.6,0.099,0,0.8,0.6,0.62,0.761,0.035,0.032,0.007,0.008,0,0.055,0.102,2009,362900
Ellensburg,19215,1,0.082,0.071,28341,23.9,9.2,4.7,1.029,17.7,9477,20,13.2,47.5,0.08,0,0.803,0.6,0.72,0.785,0.02,0.029,0.002,0.005,0,0.048,0.112,2811,437000
Elma,3390,1,-0.023,0.088,43306,36.3,9,5,0.964,25.8,10842,19.6,12.6,59,0.088,0,0.833,0.52,0.86,0.896,0.008,0,0,0,0,0.06,0.036,1325,325300
Elmer City,284,1,0.213,0.079,44583,38.7,9,4.4,0.739,17.2,25135,16.9,6.5,9.8,0.077,0,0.825,0.6,0.92,0.433,0.02,0,0.404,0.044,0,0.053,0.047,1059,184900
Endicott,400,1,-0.186,0.048,38333,45.5,8.8,4.7,0.726,15.3,22663,8,10.8,32.9,0.078,0,0.825,0.27,0.9,0.974,0,0,0.013,0,0,0,0.013,993,178800
Enetai,1946,1,0.019,0.058,54267,39.7,9.3,5.4,1.084,30.3,11195,17,8.6,25.9,0.09,0,0.834,0.4,0.57,0.806,0.018,0.083,0.003,0.005,0.003,0.057,0.026,2282,381800
Entiat,914,1,-0.103,0.059,37269,47.4,9.1,3.6,1.026,18.6,11540,16.8,10.8,33.1,0.082,0,0.806,0.59,0.97,0.75,0,0,0,0.007,0,0.014,0.229,591,361400
Enumclaw,12544,1,0.095,0.054,56764,41.2,9,5.1,1.361,32.3,10702,16,8.6,39.3,0.087,0,0.817,0.6,0.71,0.798,0.023,0.012,0.008,0.001,0,0.035,0.123,2422,607200
Ephrata,8348,1,0.074,0.071,54563,36.9,9.2,4.8,0.847,19.9,9291,19.2,13.4,68.7,0.08,0,0.827,0.5,0.88,0.745,0.002,0.025,0.008,0.001,0,0.018,0.201,793,279200
Erlands Point-Kitsap Lake,3126,1,-0.051,0.058,54982,38,9.2,5.3,1.104,26.5,10543,18.6,10.3,31.9,0.09,0,0.834,0.4,0.68,0.791,0,0.03,0.002,0.018,0.002,0.068,0.089,1784,416800
Eschbach,237,1,-0.113,0.072,24318,44,9.1,5,0.87,18.9,9281,18.3,8.3,25.2,0.079,0,0.813,0.53,0.82,0.851,0,0,0.056,0,0,0.034,0.058,326,309000
Esperance,4422,1,0.154,0.063,68886,42.4,9.3,5.5,1.394,32,10150,20.6,11.6,40,0.103,0,0.801,0.53,0.29,0.812,0.015,0.077,0.022,0,0,0.057,0.017,5869,634100
Everett,110438,1,0.058,0.076,48562,35.4,9.2,5.3,1.266,28.8,12507,21.3,23.5,78.6,0.101,0,0.801,0.53,0.22,0.652,0.036,0.087,0.007,0.013,0.001,0.055,0.148,3383,571300
Everson,2859,1,0.011,0.067,51735,34.5,9.1,5.2,1.091,23,10731,17.6,7.1,23,0.085,0,0.789,0.6,0.85,0.612,0,0.01,0.007,0.004,0,0.011,0.356,2210,431100
Fairchild AFB,3343,1,-0.288,0.063,44920,22.4,9.1,4,1.062,9.4,10126,19.2,10.6,34.4,0.088,0,0.82,0.38,0.77,0.686,0.14,0.012,0.005,0,0,0.027,0.129,483,429200
Fairfield,556,1,-0.408,0.063,35556,46.7,8.9,4.2,0.918,21.5,14319,14.9,9.8,30.2,0.081,0,0.82,0.38,0.88,0.937,0,0,0.024,0,0,0.024,0.016,1028,294300
Fairwood (King Cnty),18477,1,0.013,0.054,93402,38.6,9.1,5.2,1.362,34.1,9946,19.8,11.6,38.5,0.1,0,0.817,0.6,0.4,0.565,0.091,0.176,0.004,0.005,0.003,0.062,0.094,4411,564500
Fairwood (Spokane Cnty),10059,1,0.133,0.063,64475,36.7,9.1,4,1.103,26.1,9200,20.6,11.8,40.9,0.088,0,0.82,0.38,0.47,0.868,0.001,0.009,0.015,0,0,0.026,0.08,2530,368800
Fall City,2187,1,-0.08,0.054,77933,46.5,9.2,5.3,1.757,28.9,9968,21.4,8.4,26.1,0.086,0,0.817,0.6,0.76,0.844,0,0.035,0,0,0,0,0.121,717,1056100
Farmington,126,1,-0.463,0.048,50938,45.7,8.9,4.3,0.781,15.3,24010,9,7.9,24.1,0.078,0,0.825,0.27,0.89,0.944,0,0,0.009,0,0,0.019,0.028,406,272900
Federal Way,99792,1,0.081,0.071,54186,36.4,9.3,5.5,1.341,33.6,10279,18.8,23.1,78.6,0.1,0,0.817,0.6,0.25,0.48,0.104,0.145,0.005,0.023,0.002,0.061,0.181,4334,542500
Felida,10389,1,0.081,0.062,100250,43.7,9.3,5.3,1.367,25.8,9471,20,8.7,29.7,0.084,0,0.776,0.47,0.51,0.836,0.014,0.07,0,0,0,0.034,0.046,3033,519100
Fern Prairie,1723,1,0.46,0.062,82946,38.7,9.1,5,1.352,26.4,10916,20,9.2,27.9,0.084,0,0.776,0.47,0.64,0.912,0,0,0.007,0,0,0.015,0.066,565,408800
Ferndale,14777,1,0.198,0.067,51944,36.6,9.2,5.3,1.187,20.3,10402,18.5,11.2,37.6,0.087,0,0.789,0.6,0.72,0.74,0.007,0.05,0.036,0,0.001,0.026,0.139,2223,559700
Fife,10869,1,0.163,0.068,57500,31.2,9.3,5.5,1.237,28.3,9498,19.8,47.4,95,0.099,0,0.8,0.6,0.43,0.46,0.089,0.14,0.012,0.047,0.001,0.08,0.172,1826,523100
Fife Heights,1833,1,0.016,0.068,74531,38.2,9.4,5.5,1.414,28.3,9498,19.8,8.2,25.2,0.099,0,0.8,0.6,0.42,0.699,0.067,0.081,0.009,0,0.001,0.032,0.11,2113,468400
Finley,5879,1,0.096,0.059,59266,35,8.9,5.5,1.013,27.7,10434,17.5,12.6,42.6,0.086,0,0.807,0.33,0.76,0.769,0.012,0.006,0.005,0.001,0,0.008,0.198,565,301100
Fircrest,7109,1,0.042,0.068,60544,40.1,9.3,5.5,1.287,26.7,12309,18.6,10.2,35.4,0.099,0,0.8,0.6,0.37,0.68,0.07,0.056,0.007,0.012,0,0.121,0.054,4371,587100
Five Corners,20428,1,0.056,0.062,65645,36.2,9.3,5.3,1.172,25.3,9997,18.3,13.3,43.5,0.084,0,0.776,0.47,0.42,0.807,0.024,0.04,0.005,0,0.009,0.04,0.075,3437,383100
Fobes Hill,2798,1,0.123,0.063,66341,46,9.1,5.3,1.463,27.9,14334,22.7,8.8,26.8,0.103,0,0.801,0.53,0.51,0.936,0,0.006,0,0.018,0,0.01,0.029,643,616300
Fords Prairie,2605,1,-0.047,0.07,38842,49.8,9.1,5.3,0.954,27.1,9852,19.5,10.4,31.2,0.082,0,0.796,0.6,0.66,0.816,0,0.019,0,0,0,0.005,0.16,530,312100
Forks,3373,1,0.068,0.074,34868,33.2,8.6,4.6,0.9,21.2,7207,23.3,26.5,36.1,0.084,0,0.803,0.6,0.93,0.714,0.036,0.002,0.037,0,0,0.03,0.182,950,289200
Fort Lewis,12773,1,0.017,0.068,44949,22.2,9.2,5.3,0.99,12.6,18279,19,14.2,49.7,0.093,0,0.8,0.6,0.66,0.579,0.145,0.027,0.001,0.025,0,0.042,0.181,1473,433000
Four Lakes,634,1,-0.012,0.063,45662,66.1,9.1,4,0.977,21.5,14570,18.5,8.1,24.4,0.088,0,0.82,0.38,0.78,0.943,0,0,0.03,0,0,0.022,0.005,129,449900
Fox Island,3534,1,0.29,0.068,95487,44.8,9.3,5.5,1.64,39.7,9358,20.8,10.2,34.8,0.079,0,0.8,0.6,0.63,0.926,0,0.005,0.012,0,0.003,0.045,0.008,803,912600
Frederickson,21651,1,0.228,0.068,69250,33.7,9.2,5.4,1.224,36,10733,20.8,12.4,41,0.093,0,0.8,0.6,0.58,0.622,0.083,0.073,0.007,0.017,0,0.09,0.108,2035,479200
Freeland,1997,1,-0.04,0.065,45938,57.6,9.1,5.8,1.334,27.8,11223,19,11.5,35.4,0.087,0,0.754,0.2,0.75,0.885,0.024,0.004,0,0.023,0.005,0.054,0.005,470,668700
Friday Harbor,2587,1,0.022,0.062,46719,43.2,9,5.6,1.354,11.1,11615,19.9,13.4,41.4,0.081,0,0.785,0.6,0.8,0.827,0.001,0.013,0.005,0,0,0.028,0.126,1177,831500
Garfield,581,1,-0.018,0.048,38125,53.3,9,4.4,0.845,29.8,22279,8.1,6.5,13.4,0.078,0,0.825,0.27,0.89,0.937,0.01,0,0,0,0,0,0.053,629,244500
Garrett,1755,1,0.137,0.052,43798,30.9,8.9,5.2,0.982,15.6,17779,19.2,8.9,27.3,0.089,0,0.791,0.4,0.78,0.667,0.015,0.009,0,0,0.012,0.024,0.274,874,391600
Geneva,2437,1,0.078,0.067,81905,39.4,9,4.9,1.304,21,10143,19.9,7.4,22.5,0.087,0,0.789,0.6,0.81,0.915,0,0.026,0.021,0,0,0.006,0.032,2707,515300
George,702,1,0.019,0.071,47730,26.2,9.3,4.7,0.838,18.9,10420,17.8,13.6,41.2,0.079,0,0.827,0.5,0.91,0.113,0,0,0,0,0,0,0.887,401,175800
Gig Harbor,11505,1,0.218,0.068,64087,44.8,9.3,5.5,1.418,23.8,9358,20.8,14.8,78.7,0.099,0,0.8,0.6,0.61,0.848,0.009,0.051,0.014,0.001,0.002,0.03,0.043,1843,704800
Glacier,188,1,0.962,0.067,8667,50.9,8.9,4.5,1.187,21,11652,17.8,16,48.9,0.087,0,0.789,0.6,0.92,1,0,0,0,0,0,0,0,38,441500
Gleed,3184,1,-0.029,0.072,53000,48.3,8.9,5,0.898,16.3,9281,18.3,8.9,26.9,0.079,0,0.813,0.53,0.76,0.847,0.013,0,0.006,0,0,0.034,0.1,465,288700
Gold Bar,2172,1,-0.248,0.063,54301,42,8.9,4.8,1.149,41.5,9954,18.7,12.1,26.7,0.089,0,0.801,0.53,0.88,0.905,0,0.002,0.017,0.003,0,0.017,0.056,2214,429800
Goldendale,3480,1,-0.01,0.064,36490,43.8,9.1,4.6,0.847,24.1,11722,18.4,15.8,60.9,0.07,0,0.803,0.47,0.92,0.924,0.002,0.007,0.009,0,0,0.021,0.036,1239,289800
Gorst,294,1,-0.51,0.058,43750,74.1,9.2,5.3,1.153,30.3,9383,20.8,10.7,32.7,0.09,0,0.834,0.4,0.71,1,0,0,0,0,0,0,0,437,393200
Graham,33727,1,0.241,0.068,71951,34.4,9.1,5.3,1.286,39.5,10733,20.8,13.1,40.7,0.079,0,0.8,0.6,0.67,0.801,0.021,0.029,0.013,0.011,0.004,0.048,0.072,833,536000
Grand Coulee,1121,1,-0.117,0.071,27381,44.7,9,4.5,0.765,18.9,25135,16.9,20.9,83.6,0.079,0,0.827,0.5,0.93,0.666,0.001,0.006,0.161,0,0.009,0.062,0.096,863,223500
Grand Mound,3642,1,0.466,0.059,60133,28.7,9.1,5.2,0.941,25.6,9698,18.9,13.4,46.2,0.088,0,0.784,0.5,0.74,0.651,0,0.006,0.015,0,0,0.087,0.242,871,283500
Grandview,10894,1,0.069,0.072,37012,28.2,8.8,5.4,0.906,20.1,9688,21.1,10.7,30.5,0.079,0,0.813,0.53,0.67,0.168,0.001,0.002,0.001,0,0,0.003,0.825,1721,283100
Granger,3603,1,0.162,0.072,39850,21.7,8.8,5.4,0.878,18.9,11101,18.6,9.5,32.9,0.079,0,0.813,0.53,0.86,0.109,0.013,0,0.008,0,0,0.007,0.863,2243,256600
Granite Falls,4447,1,0.101,0.063,50833,38.7,9.1,5.1,1.199,35.8,11193,20.8,13.6,42.6,0.089,0,0.801,0.53,0.79,0.927,0.009,0,0,0,0.005,0.06,0,2083,538200
Grapeview,786,1,0.108,0.077,56094,55.9,9.1,5.2,1.206,32.1,9844,14.8,10.5,32.1,0.085,0,0.811,0.5,0.77,0.875,0,0,0.029,0.033,0,0.064,0,299,605400
Grayland,783,1,-0.446,0.088,27361,59.3,8.5,5.3,0.834,25.8,12893,16.1,11.9,36.7,0.081,0,0.833,0.52,0.94,0.913,0,0,0,0,0,0,0.087,118,262700
Grays River,228,1,0.214,0.074,33125,59.4,8.7,5.1,0.9,0,10188,22.3,10.1,30.2,0.076,0,0.793,0.6,0.9,0.946,0,0,0,0,0,0.033,0.021,24,265100
Green Bluff,304,1,-0.332,0.063,78854,56.9,9.1,4,1.185,21.5,9200,20.6,7.3,22.2,0.081,0,0.82,0.38,0.7,1,0,0,0,0,0,0,0,77,405800
Greenwater,72,1,-0.75,0.068,15652,25,9,5.1,1.695,31.2,9859,20.8,16.4,50,0.099,0,0.8,0.6,0.84,1,0,0,0,0,0,0,0,21,551700
Hamilton,326,1,-0.641,0.07,38750,52.4,9.1,5.1,0.947,25.4,13839,19.1,12.3,36.9,0.085,0,0.791,0.52,0.93,0.91,0,0,0,0.018,0,0.03,0.042,275,264600
Hansville,3465,1,0.486,0.058,65859,55.5,9.2,5.6,1.312,30.3,9792,21.3,10.8,37.3,0.09,0,0.834,0.4,0.69,0.872,0.004,0.02,0.031,0,0,0.034,0.039,378,686700
Harrah,706,1,0.216,0.072,48000,27.7,8.9,5.1,0.87,18.9,12747,16.3,13.6,41,0.079,0,0.813,0.53,0.85,0.15,0.006,0,0.185,0,0.008,0.005,0.646,2940,262000
Harrington,437,1,-0.096,0.056,48456,46,9,4.4,0.781,24.3,25000,8.2,5,23.9,0.08,0,0.839,0.43,0.9,0.966,0,0,0,0,0,0.032,0.003,1077,143200
Hartline,191,1,0.5,0.071,36875,47.7,9,4.4,0.767,18.9,16807,12.2,10.8,33,0.079,0,0.827,0.5,0.93,0.961,0,0,0,0,0,0.039,0,464,240600
Hat Island,16,0,0.333,0.063,,,9.2,5.3,1.328,31.8,10418,19.9,7.1,22.6,0.103,0,0.801,0.53,0.56,1,0,0,0,0,0,0,0,76,731900
Hatton,468,1,0.41,0.055,4542,30,9.1,5.1,0.7,17.8,21477,12,13.2,40.1,0.079,0,0.81,0.28,0.89,0.791,0,0,0,0,0,0.012,0.198,285,345100
Hazel Dell,21650,1,0.112,0.062,48545,36.6,9.3,5.3,1.16,23.8,9471,20,14.6,48.6,0.084,0,0.776,0.47,0.42,0.728,0.021,0.048,0.004,0.004,0,0.04,0.154,4836,400100
Herron Island,101,0,-0.606,0.068,53077,73.9,9.2,5.3,1.34,31.2,9358,20.8,7.2,22.9,0.084,0,,,,1,0,0,0,0,0,0,0,,520100
High Bridge,2935,1,0.053,0.063,115192,44.9,9.1,5.3,1.675,31.8,9437,23.6,9.3,31.6,0.103,0,0.801,0.53,0.67,0.915,0,0.018,0,0,0,0.018,0.049,468,799300
Hobart,7201,1,0.063,0.054,83036,45.7,9.1,5.2,1.533,34.3,9262,21.8,10.3,35,0.1,0,0.817,0.6,0.74,0.906,0.004,0.015,0,0,0.003,0.034,0.039,383,770800
Hockinson,6249,1,0.148,0.062,79097,42.4,9,5,1.439,30.3,8608,20.2,9.2,31.3,0.077,0,0.776,0.47,0.69,0.91,0,0.027,0.001,0.002,0,0.043,0.016,415,546100
Hogans Corner,56,0,3,0.088,,61.5,8.6,5,0.914,25.8,10834,17.5,,,0.077,0,,,,1,0,0,0,0,0,0,0,,261400
Home,1989,1,0.543,0.068,56094,52.7,9.2,5.3,1.174,31.2,9358,20.8,10.1,31,0.099,0,0.8,0.6,0.75,0.973,0,0.011,0,0,0,0.015,0.001,235,364100
Hoodsport,110,1,0.329,0.077,40599,66.9,9,4.6,0.939,32.1,15192,15.2,11.5,34,0.085,0,0.811,0.5,0.88,1,0,0,0,0,0,0,0,351,309800
Hoquiam,8700,1,-0.045,0.088,33194,44.4,8.6,5,0.834,25.1,10741,18.8,10.5,50.6,0.088,0,0.833,0.52,0.86,0.845,0,0.003,0.049,0,0,0.027,0.076,914,227400
Humptulips,229,1,0.371,0.088,53125,50.4,8.7,4.4,0.869,25.8,24779,11.8,8.9,26.9,0.088,0,0.833,0.52,0.91,0.931,0,0,0.011,0,0,0.011,0.047,32,203000
Hunts Point,324,1,-0.023,0.054,161250,50.3,9.4,5.7,7.739,29.1,14197,19.5,6.9,20.8,0.1,0,0.817,0.6,0.22,0.787,0,0.173,0,0,0,0.031,0.009,1417,7447400
Ilwaco,1725,1,-0.077,0.082,37750,48,8.5,5.2,0.898,19.3,12133,19.2,9.9,22.3,0.081,0,0.8,0.5,0.94,0.88,0.02,0,0.036,0,0,0.047,0.017,486,386200
Inchelium,347,1,-0.053,0.098,29306,36.8,8.7,4.1,0.876,22.2,16288,12.2,15.9,48.5,0.077,0,0.81,0.6,0.93,0.165,0,0,0.758,0.022,0,0.036,0.019,16,269700
Index,156,1,0.161,0.063,55313,44.8,9,4.8,1.046,31.8,27478,8.9,10,30.9,0.089,0,0.801,0.53,0.83,0.971,0,0.029,0,0,0,0,0,1039,404600
Indianola,3538,1,0.109,0.058,65898,45.1,9.3,5.4,1.33,40.6,9792,21.3,11.7,40.3,0.09,0,0.834,0.4,0.61,0.835,0.005,0.016,0.022,0.004,0.003,0.063,0.053,704,597600
Ione,377,1,0.354,0.092,48462,48.8,8.7,3.9,0.883,29.2,16988,14,12,36.6,0.076,0,0.795,0.6,0.92,0.938,0,0,0.005,0,0,0.045,0.012,905,257000
Issaquah,39057,1,0.28,0.051,88770,37.2,9.1,5.2,1.752,28.1,12865,20.9,7.8,42.9,0.1,0,0.817,0.6,0.59,0.647,0.03,0.203,0,0,0.001,0.034,0.085,3271,1057600
Jamestown,398,1,-0.452,0.074,63036,50.4,8.9,5.6,1.079,21.2,9087,19.4,15,45.4,0.084,0,0.803,0.6,0.86,0.858,0,0,0,0,0,0.024,0.118,528,339400
Junction City,11,0,1,0.088,,,8.6,5.2,0.912,25.8,11269,17.4,,,0.088,0,,,,1,0,0,0,0,0,0,0,,259000
Kahlotus,125,1,-0.072,0.07,36667,35,8.9,5.1,0.82,21.5,31183,5,10.4,32.2,0.086,0,0.795,0.2,0.83,0.878,0.033,0,0,0,0,0,0.088,456,125900
Kalama,2888,1,0.195,0.07,47563,43,9.1,4.8,1.12,25.6,9051,19.9,11.3,24.8,0.078,0,0.783,0.6,0.68,0.887,0,0,0.009,0,0,0.033,0.07,817,513000
Kapowsin,379,1,0.907,0.068,73750,48.2,9,5.2,1.061,31.2,10733,20.8,8.1,25.2,0.099,0,0.8,0.6,0.82,1,0,0,0,0,0,0,0,103,385600
Kayak Point,1468,0,0,0.063,,52.3,9.1,5.5,1.189,31.8,,,,,,,,,,,,,,,,,,,579400
Keller,207,1,-0.345,0.098,20625,29.5,9,4.2,0.814,22.2,39567,12.7,16,48.9,0.077,0,0.81,0.6,0.93,0.105,0,0,0.825,0.066,0,0.004,0,25,142400
Kelso,12566,1,-0.009,0.07,33492,36.3,9.1,5,0.986,20.9,9528,19.8,20.6,76,0.081,0,0.783,0.6,0.61,0.763,0.017,0.018,0.023,0.004,0,0.034,0.141,1543,341600
Kendall,930,1,-0.912,0.067,38409,27.9,9,4.7,1.176,21,11652,17.8,11.1,33.9,0.087,0,0.789,0.6,0.92,1,0,0,0,0,0,0,0,49,272300
Kenmore,23556,1,0.111,0.054,88472,39.6,9.3,5.5,1.702,33.4,11405,20.3,9.4,23.2,0.1,0,0.817,0.6,0.31,0.748,0.016,0.118,0.002,0.005,0,0.036,0.076,3758,923800
Kennewick,83082,1,0.121,0.058,51739,33.5,8.9,5.5,0.983,21.7,10526,20.3,16.3,43,0.086,0,0.807,0.33,0.67,0.647,0.02,0.021,0.004,0.001,0.004,0.033,0.269,3079,397200
Kent,134890,1,0.415,0.073,57490,34.1,9.3,5.4,1.372,31.7,9946,19.8,18.1,70.7,0.1,0,0.817,0.6,0.32,0.456,0.109,0.199,0.007,0.017,0.001,0.051,0.159,3874,594500
Kettle Falls,1617,1,0.012,0.08,42031,46.1,8.6,4.2,0.827,27.8,9489,19.9,13.5,29.2,0.076,0,0.804,0.6,0.89,0.882,0.003,0.008,0.026,0,0.004,0.038,0.039,1545,172900
Key Center,3408,1,0.269,0.068,62188,46.1,9.2,5.4,1.315,36.7,9358,20.8,10.6,36.3,0.079,0,0.8,0.6,0.74,0.899,0.003,0.002,0,0.007,0,0.047,0.042,282,476100
Keyport,270,1,0.419,0.058,82532,32.1,9.2,5.4,1.219,30.3,9792,21.3,9.2,29.3,0.09,0,0.834,0.4,0.67,0.921,0,0,0,0,0,0.015,0.063,949,558300
Kingston,2912,1,-0.033,0.058,54524,53.2,9.2,5.4,1.295,30.3,9792,21.3,11.3,35.3,0.09,0,0.834,0.4,0.64,0.868,0,0.02,0.006,0.001,0,0.088,0.018,1056,622000
Kirkland,91656,1,0.82,0.047,90611,38.2,9.3,5.5,1.792,27.5,15473,19.3,7.6,37.4,0.1,0,0.817,0.6,0.26,0.726,0.011,0.14,0.003,0.001,0.001,0.047,0.07,5359,1055900
Kittitas,1394,1,-0.05,0.071,44500,37,9.3,4.7,0.847,21.3,10328,19.1,9.7,20.8,0.08,0,0.803,0.6,0.9,0.803,0.006,0.008,0.01,0,0,0.009,0.164,1928,293700
Klickitat,282,1,0.02,0.064,31250,44.8,9,4.9,0.802,24.1,21627,10.4,12.2,38,0.07,0,0.803,0.47,0.86,0.76,0,0.05,0.14,0,0,0.05,0,412,177500
Krupp,35,1,0.762,0.071,31250,38.8,9,4.8,0.758,18.9,17259,11.3,16,48,0.079,0,0.827,0.5,0.89,0.865,0,0,0,0,0,0,0.135,87,177100
La Center,3471,1,0.184,0.062,71948,34.3,9.2,5,1.348,30.8,8482,22.6,8.4,25,0.077,0,0.776,0.47,0.67,0.874,0.017,0.02,0.007,0,0,0.01,0.071,1489,627100
La Conner,1061,1,-0.074,0.07,33977,53.3,9.2,5.6,1.064,25.4,16321,13.4,12.3,38.3,0.085,0,0.791,0.52,0.77,0.9,0,0.014,0.006,0,0,0.004,0.076,2395,383800
La Grande,270,1,0.639,0.068,80278,41.4,9,5.1,1.366,31.2,12757,18.8,8,24.6,0.099,0,0.8,0.6,0.89,1,0,0,0,0,0,0,0,30,877900
Lacey,52572,1,0.157,0.066,59885,35.1,9.2,5.2,1.102,26,9461,19.6,17.6,48.1,0.088,0,0.784,0.5,0.45,0.659,0.048,0.082,0.015,0.017,0.002,0.064,0.112,3193,467900
LaCrosse,387,1,0.063,0.048,35833,57.5,8.8,4.7,0.685,15.3,37829,5.5,11.2,34.2,0.078,0,0.825,0.27,0.9,0.981,0,0,0.006,0,0,0.003,0.009,363,124500
Lake Bosworth,980,1,0.416,0.063,84583,47.8,9.1,5.2,1.335,31.8,11193,20.8,9,27.8,0.103,0,0.801,0.53,0.71,1,0,0,0,0,0,0,0,207,550100
Lake Cassidy,2774,1,0.01,0.063,87422,41.4,9.1,5.3,1.432,34.2,10836,20.8,10.1,34.3,0.103,0,0.801,0.53,0.6,0.828,0,0.054,0,0,0,0.047,0.071,366,562200
Lake Cavanaugh,276,1,0.252,0.07,30625,65.4,8.9,5.4,1.855,25.4,13839,19.1,7.2,22.7,0.085,0,0.791,0.52,0.87,1,0,0,0,0,0,0,0,250,543800
Lake Forest Park,13529,1,0.053,0.054,90495,45.4,9.3,5.5,1.678,30.5,19740,20.8,7.9,31.9,0.1,0,0.817,0.6,0.25,0.783,0.014,0.084,0.001,0.002,0.002,0.06,0.054,3817,886200
Lake Goodwin,5019,0,0,0.063,,46.1,9.1,5.4,1.182,30.3,,,,,,,,,,0.925,0,0.005,0.008,0,0,0.02,0.042,,549700
Lake Holm,3293,1,-0.02,0.054,89412,50.7,9.1,5.2,1.481,31.6,11739,19.3,8.3,28.4,0.1,0,0.817,0.6,0.58,0.877,0,0.067,0.009,0,0,0.011,0.036,417,607300
Lake Ketchum,1373,1,0.444,0.063,62188,52.2,9.1,5.5,1.225,31.8,9575,20.9,6.8,20.4,0.103,0,0.801,0.53,0.73,0.817,0,0,0,0,0,0.011,0.172,464,495000
Lake Marcel-Stillwater,1465,1,-0.016,0.054,148047,50.7,9.1,5.3,1.423,29.1,10528,20.8,6.4,19.3,0.1,0,0.817,0.6,0.7,0.907,0,0,0,0,0,0.048,0.044,1021,636900
Lake McMurray,412,1,0.064,0.07,48889,60.8,8.9,5.4,1.183,25.4,11913,18.8,9.9,30.2,0.085,0,0.791,0.52,0.77,0.985,0.015,0,0,0,0,0,0,177,252800
Lake Morton-Berrydale,10709,1,0.156,0.054,92000,43,9.2,5.3,1.487,37,9946,19.8,10.6,34.3,0.1,0,0.817,0.6,0.55,0.833,0.009,0.025,0.008,0.003,0.002,0.036,0.085,974,523600
Lake Roesiger,835,1,0.932,0.063,69797,41.4,9.1,5.3,1.912,31.8,14334,22.7,9.6,30.1,0.103,0,0.801,0.53,0.84,0.913,0,0,0,0,0,0.065,0.021,181,682100
Lake Shore,7169,1,0.129,0.062,70093,41.6,9.3,5.3,1.225,27.8,9471,20,10.2,35,0.084,0,0.776,0.47,0.46,0.799,0.013,0.024,0.002,0.003,0,0.03,0.13,5020,473200
Lake Stevens,35135,1,0.153,0.065,70345,33.5,9.1,5.3,1.302,32.8,9502,22.2,14.3,30.9,0.091,0,0.801,0.53,0.52,0.772,0.013,0.039,0.003,0.004,0,0.046,0.123,3914,632100
Lake Stickney,14733,1,0.313,0.063,63359,32.9,9.2,5.4,1.175,30.7,10418,19.9,12.8,45,0.103,0,0.801,0.53,0.3,0.371,0.098,0.271,0.007,0.002,0.002,0.058,0.191,6818,494800
Lake Tapps,12570,1,0.161,0.068,103065,39.9,9.1,5.2,1.459,35.2,10797,20.4,10.8,35.4,0.099,0,0.8,0.6,0.57,0.864,0.004,0.021,0.001,0,0,0.051,0.058,1148,589100
Lakeland North,14161,1,0.024,0.054,70005,37.9,9.2,5.2,1.269,35.1,10279,18.8,12.7,41.6,0.1,0,0.817,0.6,0.25,0.572,0.089,0.106,0.008,0.014,0.002,0.047,0.163,4024,412300
Lakeland South,12696,1,0.246,0.054,77554,38.5,9.2,5.3,1.26,29.9,10279,18.8,11.8,39,0.1,0,0.817,0.6,0.28,0.686,0.04,0.062,0.041,0.01,0.003,0.038,0.12,3012,441300
Lakeview,1449,1,0.212,0.071,41250,52.3,9.1,4.8,0.837,18.9,13789,15.2,12.4,38.1,0.079,0,0.827,0.5,0.91,0.706,0,0,0,0,0,0,0.294,831,197800
Lakewood,62972,1,0.007,0.078,44667,36,9.3,5.5,1.193,28.1,18279,19,36.2,62.9,0.099,0,0.8,0.6,0.47,0.508,0.112,0.088,0.017,0.029,0.001,0.082,0.161,3568,459500
Lamont,105,1,-0.36,0.048,38036,42.5,8.9,4.6,0.736,15.3,24741,8.4,10.4,31.8,0.078,0,0.825,0.27,0.9,1,0,0,0,0,0,0,0,248,102300
Langley,1194,1,0.256,0.065,46250,59.5,9.1,5.7,1.36,27.8,11223,19,9.1,64.1,0.087,0,0.754,0.2,0.75,0.839,0.007,0.035,0.039,0,0,0.031,0.049,1139,677800
Larch Way,4030,1,0.154,0.063,87119,36.4,9.2,5.4,1.449,27.9,10150,20.6,11.1,38.6,0.103,0,0.801,0.53,0.34,0.492,0.008,0.404,0,0,0,0.03,0.065,3989,716100
Latah,180,1,-0.041,0.063,42917,49.8,8.9,4.3,0.888,21.5,14319,14.9,10,30.2,0.081,0,0.82,0.38,0.88,0.852,0,0,0.035,0,0,0.049,0.063,584,317300
Leavenworth,2395,1,-0.251,0.059,37348,45.9,9,3.4,1.294,19.4,10119,18.7,11.4,35.4,0.082,0,0.806,0.59,0.97,0.84,0,0.027,0.009,0,0,0.034,0.09,1769,619100
Lebam,120,1,-0.348,0.082,52734,59.3,8.6,5,0.849,19.3,19359,14.2,10,31.5,0.081,0,0.8,0.5,0.94,1,0,0,0,0,0,0,0,76,230800
Lewisville,2414,1,-0.26,0.062,71616,51.3,9.2,5.1,1.405,37.3,9498,19.3,7.2,21.7,0.084,0,0.776,0.47,0.69,0.959,0,0,0.003,0,0,0,0.038,301,612500
Liberty Lake,11647,1,0.303,0.063,71898,35.3,9.3,4.2,1.156,19.5,9192,18.6,8,25.7,0.088,0,0.82,0.38,0.78,0.897,0,0.036,0.003,0,0,0.033,0.032,1861,567400
Lind,486,1,0.203,0.055,48636,33.8,9,4.9,0.709,17.8,21477,12,11.6,35.8,0.077,0,0.81,0.28,0.89,0.854,0,0,0.009,0,0,0.039,0.098,500,162900
Lochsloy,2937,1,0.315,0.063,75461,44.3,9.1,5.3,1.324,33.1,9502,22.2,10.2,35,0.103,0,0.801,0.53,0.72,0.849,0,0.006,0.039,0,0,0.066,0.04,461,450200
Lofall,2066,1,-0.133,0.058,64531,49.6,9.2,5.4,1.206,30.3,9792,21.3,8.3,25.3,0.09,0,0.834,0.4,0.68,0.895,0.021,0.009,0,0,0,0.006,0.07,1163,421500
Long Beach,1925,1,-0.142,0.082,24813,52.4,8.5,5.3,0.84,12,12133,19.2,9.4,46.1,0.081,0,0.8,0.5,0.85,0.8,0.001,0,0,0,0.005,0.031,0.162,1101,312100
Longbranch,4256,1,-0.063,0.068,51205,36.9,9.2,5.3,1.264,31.2,9358,20.8,12.8,43.6,0.079,0,0.8,0.6,0.75,0.871,0.004,0.021,0.011,0,0.002,0.069,0.02,175,559300
Longview,37542,1,0.004,0.072,37827,40.2,9.2,5,0.985,20.4,10335,19.1,26.5,74.6,0.081,0,0.783,0.6,0.54,0.797,0.008,0.019,0.009,0.003,0,0.053,0.111,2590,337500
Longview Heights,4377,1,0.059,0.07,60357,44.2,9.2,5,1.041,24.6,10335,19.1,12.4,42.7,0.081,0,0.783,0.6,0.67,0.882,0,0.011,0,0,0,0.035,0.072,946,309000
Loomis,35,1,-0.25,0.079,9569,67.2,9.2,3.7,0.818,17.2,10039,18.1,11.6,34.8,0.081,0,0.825,0.6,0.94,0.838,0,0,0,0,0,0,0.162,140,275300
Loon Lake,809,1,0.047,0.08,47500,59.1,8.9,3.8,1.035,27.8,9860,28.7,10.3,31.5,0.076,0,0.804,0.6,0.85,0.923,0,0,0.02,0,0,0.018,0.038,256,430400
Lower Elochoman,427,1,0.72,0.074,53523,68.5,9,5,1.114,0,12030,18.3,6.2,19,0.076,0,0.793,0.6,0.9,1,0,0,0,0,0,0,0,119,317800
Lyle,269,1,0.036,0.064,38355,40.9,9.1,4.4,0.94,24.1,11296,15.9,14.7,44.9,0.07,0,0.803,0.47,0.86,0.635,0,0.011,0,0,0,0,0.354,839,423700
Lyman,348,1,-0.015,0.07,62222,37.7,9,5.2,1.065,25.4,13839,19.1,10.7,32.5,0.097,0,0.791,0.52,0.93,0.913,0.002,0,0.013,0,0,0.04,0.031,708,376400
Lynden,15410,1,0.162,0.067,59021,39.8,9.1,5.1,1.187,22.8,8891,21.3,8.2,20.7,0.087,0,0.789,0.6,0.75,0.87,0.003,0.028,0.001,0.001,0.004,0.02,0.073,2853,562000
Lynnwood,38812,1,0.048,0.07,50562,39.6,9.2,5.4,1.376,31.3,10150,20.6,15,88.9,0.104,0,0.801,0.53,0.33,0.549,0.071,0.171,0.004,0.006,0.001,0.065,0.133,4996,696100
Mabton,2198,1,0.246,0.072,35129,25.4,8.8,5.4,0.893,27.8,10360,18.3,12.8,27,0.079,0,0.813,0.53,0.91,0.057,0,0.007,0,0,0,0.002,0.935,2735,245100
Machias,1239,1,-0.179,0.063,81477,41.5,9.1,5.3,1.194,31.8,14334,22.7,9.8,29.4,0.103,0,0.801,0.53,0.58,0.9,0,0.02,0.034,0,0,0.007,0.04,391,489500
Malden,197,1,0.743,0.048,33864,50.1,8.9,4.5,0.702,15.3,16650,11.1,71.2,49.1,0.078,0,0.825,0.27,0.9,0.98,0,0,0.02,0,0,0,0,302,127000
Malo,26,0,0.412,0.098,,14.3,8.9,3.8,0.866,22.2,13289,13.2,12.7,38.9,0.077,0,0.81,0.6,0.94,0.222,0,0.778,0,0,0,0,0,627,280200
Malone,303,1,0.223,0.088,43786,34.6,9,5,1.029,25.8,10842,19.6,12.4,36.9,0.088,0,0.833,0.52,0.89,0.956,0,0,0,0,0,0.044,0,64,327800
Malott,654,1,0.631,0.079,21875,37.2,8.9,3.9,0.831,17.2,10688,19.4,15.4,46.9,0.081,0,0.825,0.6,0.92,0.333,0.02,0,0,0,0,0.003,0.644,331,135300
Maltby,11458,1,-0.019,0.063,107535,44.2,9.1,5.3,1.615,32.2,9437,23.6,10,32.6,0.103,0,0.801,0.53,0.51,0.874,0,0.049,0.003,0,0.001,0.024,0.049,639,770200
Manchester,5928,1,0.089,0.058,67241,37.9,9.3,5.4,1.283,40.2,9383,20.8,12.8,44.4,0.09,0,0.834,0.4,0.61,0.761,0.006,0.061,0.019,0.014,0,0.074,0.066,1959,439300
Mansfield,331,1,-0.058,0.059,44844,52.9,9.1,4,0.806,18.2,20126,6.2,9.7,30,0.078,0,0.81,0.6,0.95,0.972,0,0.003,0.012,0,0,0,0.012,1034,211200
Manson,1294,1,0.182,0.059,39022,39.1,9.1,4.5,1.215,18.6,11801,17.4,13.5,41,0.082,0,0.806,0.59,0.97,0.433,0,0,0,0.021,0,0,0.546,1264,554300
Maple Falls,239,1,-0.848,0.067,32330,72.2,8.9,4.5,0.925,21,11652,17.8,9.5,29.9,0.087,0,0.789,0.6,0.92,1,0,0,0,0,0,0,0,33,410400
Maple Heights-Lake Desire,3370,1,0.149,0.054,104318,46.1,9.1,5.2,1.501,29.1,9262,21.8,9,30.6,0.1,0,0.817,0.6,0.55,0.786,0.038,0.118,0,0,0,0.046,0.012,898,652900
Maple Valley,27643,1,0.21,0.052,97809,35.8,9.1,5.2,1.494,38.8,9262,21.8,10.7,23,0.086,0,0.817,0.6,0.61,0.794,0.016,0.054,0.005,0.001,0.001,0.072,0.056,4588,736700
Maplewood,5636,1,0.046,0.068,88077,48.9,9.3,5.4,1.462,33.6,9358,20.8,10,34.1,0.079,0,0.8,0.6,0.65,0.9,0.01,0.047,0,0,0,0.022,0.021,696,580600
Marblemount,167,0,-1,0.07,24783,,9,3.9,0.958,25.4,13434,17.9,,,,,,,,,,,,,,,,,297200
Marcus,158,1,0.477,0.08,34167,59.7,8.6,4.2,0.786,27.8,9489,19.9,10,30.5,0.076,0,0.804,0.6,0.89,0.847,0,0.011,0.011,0,0,0.095,0.037,771,142800
Marietta-Alderwood,3702,1,0.088,0.067,44444,38.4,9.1,5.4,1.148,21,10143,19.9,13.7,48,0.087,0,0.789,0.6,0.64,0.875,0.001,0.059,0.014,0.009,0,0.003,0.038,833,421000
Markham,144,1,3.667,0.088,100329,41.1,8.6,5.2,0.916,25.8,12893,16.1,10.2,30.4,0.088,0,0.833,0.52,0.94,1,0,0,0,0,0,0,0,228,376100
Marrowstone,924,1,0.21,0.076,60647,50.1,9,5.7,1.202,23.5,10931,20.5,9.1,28.1,0.09,0,0.845,0.53,0.84,0.958,0,0.006,0,0,0,0.035,0,185,575100
Martha Lake,22251,1,0.188,0.063,77229,34.8,9.2,5.4,1.402,33.6,10150,20.6,12.6,42,0.103,0,0.801,0.53,0.33,0.648,0.046,0.148,0.006,0.01,0.001,0.058,0.083,4357,620500
Marysville,69957,1,0.144,0.07,64328,36,9.2,5.4,1.211,30.7,10836,20.8,11.3,49.2,0.091,0,0.801,0.53,0.48,0.748,0.01,0.07,0.006,0.005,0.002,0.047,0.111,3464,570600
Mattawa,3529,1,0.122,0.071,42212,21.5,8.7,5.5,0.936,18.9,10063,18.8,8.8,17.7,0.079,0,0.827,0.5,0.93,0.014,0,0.003,0,0,0,0,0.983,6936,415400
May Creek,747,1,-0.258,0.063,78500,57.6,8.9,4.8,1.032,31.8,9954,18.7,8.6,26.1,0.103,0,0.801,0.53,0.88,0.863,0,0.003,0,0,0,0.087,0.047,1107,230600
McChord AFB,3191,1,0.068,0.068,45833,22.2,9.3,5.5,1.126,31.2,18279,19,12.8,47.1,0.093,0,0.8,0.6,0.6,0.483,0.109,0.047,0.007,0.026,0,0.048,0.279,608,443200
McCleary,2181,1,0.22,0.088,49148,34.5,9,4.9,0.999,30.6,11987,16.5,5.5,9.8,0.088,0,0.833,0.52,0.85,0.874,0.004,0.003,0.01,0,0,0.053,0.056,892,347300
McKenna,498,1,0.526,0.068,71542,35.2,9.2,5.2,1.195,31.2,9953,19.8,8.7,27.3,0.079,0,0.8,0.6,0.76,0.714,0.01,0,0,0,0,0.03,0.246,973,377400
McMillin,1077,1,-0.131,0.068,85052,45.2,9.2,5.5,1.321,31.2,9377,20.7,7.7,23,0.099,0,0.8,0.6,0.64,0.892,0,0.021,0,0,0,0.065,0.022,1096,426700
Mead,7146,1,-0.03,0.063,59773,47.9,9.1,4,1.152,26.6,9200,20.6,11.4,39,0.081,0,0.82,0.38,0.61,0.954,0.001,0.002,0.001,0,0,0.019,0.023,1020,495700
Meadow Glade,2606,1,0.318,0.062,89803,42.2,9.2,5.1,1.444,26.8,9498,19.3,8.1,24.5,0.084,0,0.776,0.47,0.55,0.904,0.004,0.02,0.006,0,0.006,0.041,0.02,866,637700
Meadowdale,3065,1,0.074,0.063,83413,42.5,9.3,5.5,1.39,29.7,10150,20.6,11.5,39.4,0.103,0,0.801,0.53,0.45,0.734,0.049,0.086,0.002,0.011,0,0.045,0.074,3128,678700
Medical Lake,4832,1,0.02,0.063,46250,31.1,9.1,4,1.022,21.5,10126,19.2,10.3,21.8,0.081,0,0.82,0.38,0.78,0.824,0.002,0.028,0.006,0,0,0.104,0.036,1467,378700
Medina,2928,1,0.092,0.054,182308,46.7,9.4,5.7,4.506,21.8,14197,19.5,6.1,33.3,0.1,0,0.817,0.6,0.28,0.701,0.006,0.197,0,0,0.006,0.06,0.03,2305,4142200
Mercer Island,25506,1,0.107,0.054,125651,45.5,9.5,5.6,2.827,23.7,11519,20.1,6.2,28.5,0.1,0,0.817,0.6,0.36,0.724,0.018,0.188,0,0.001,0.004,0.035,0.03,4060,2145300
Mesa,729,1,-0.098,0.07,49688,25.7,9.2,5.3,1.106,21.5,13134,18.4,12,36.6,0.086,0,0.795,0.2,0.87,0.224,0,0,0,0,0,0,0.776,317,537700
Metaline,148,1,0.203,0.092,54861,49.5,8.7,3.6,0.84,29.2,16988,14,9.8,30.2,0.076,0,0.795,0.6,0.92,0.918,0,0,0.02,0.015,0,0.015,0.031,623,199500
Metaline Falls,247,1,-0.441,0.092,28125,52.9,8.7,3.5,0.829,29.2,16988,14,13.9,42.7,0.076,0,0.795,0.6,0.92,0.928,0,0,0.006,0,0,0,0.067,1226,220000
Methow,137,1,0.696,0.079,102990,45.5,8.9,4.5,0.918,17.2,13777,14.7,11.9,36.8,0.081,0,0.825,0.6,0.96,0.936,0,0,0,0,0,0,0.064,119,385600
Midland,9448,1,-0.085,0.068,42929,37.9,9.2,5.4,1.148,27.8,10682,18.2,15.9,55,0.099,0,0.8,0.6,0.4,0.419,0.099,0.115,0.019,0.009,0,0.052,0.287,3132,410900
Mill Creek,20665,1,0.127,0.063,88770,40.4,9.2,5.4,1.529,31.5,12507,21.3,9.9,32.3,0.104,0,0.801,0.53,0.32,0.687,0.017,0.194,0.004,0,0.002,0.051,0.046,4518,904200
Mill Creek East,25528,1,0.459,0.063,98998,34.5,9.2,5.4,1.477,36.8,12507,21.3,10.6,34.9,0.103,0,0.801,0.53,0.3,0.647,0.022,0.225,0,0.001,0,0.052,0.052,4957,735300
Millwood,1896,1,0.016,0.063,50337,40.4,9.2,4.1,0.981,21.5,10213,19.3,11,33.7,0.088,0,0.82,0.38,0.44,0.892,0.041,0.01,0.004,0.001,0.002,0.03,0.02,2588,351100
Milton,8501,1,0.11,0.068,67069,39,9.3,5.5,1.258,31.5,9498,19.8,11.4,49.1,0.099,0,0.8,0.6,0.32,0.819,0.031,0.028,0.002,0.009,0,0.036,0.075,3068,523100
Mineral,100,1,-0.119,0.07,32759,62.4,8.5,2.8,0.977,27.1,13797,18.4,13.9,40.9,0.078,0,0.796,0.6,0.9,0.943,0,0,0,0,0,0.057,0,315,343000
Minnehaha,11508,1,0.221,0.062,60417,35.2,9.4,5.5,1.146,23.3,9471,20,12.3,40.6,0.084,0,0.776,0.47,0.34,0.754,0.033,0.047,0.005,0.019,0,0.055,0.087,5788,393300
Mirrormont,4196,1,-0.06,0.054,104648,48,9.1,5.2,1.739,35,12865,20.9,9.2,31.3,0.1,0,0.817,0.6,0.73,0.939,0.003,0.036,0,0,0,0.016,0.006,379,877300
Moclips,43,0,-1,0.088,,,8.6,4.8,1.033,25.8,10834,17.5,,,,,,,,,,,,,,,,,433000
Monroe,19879,1,0.087,0.063,66649,33.3,9.1,5.3,1.317,30.4,9437,23.6,21.2,49.6,0.092,0,0.801,0.53,0.57,0.683,0.035,0.031,0.004,0.001,0.006,0.049,0.189,3375,652200
Monroe North,2037,1,0.064,0.063,112950,40.2,9.1,5.3,1.572,31.8,9437,23.6,6.8,20.4,0.103,0,0.801,0.53,0.6,0.873,0,0,0,0,0.009,0.026,0.091,789,706000
Montesano,4070,1,-0.006,0.088,60316,40.4,8.8,5.1,0.966,25.8,10480,19.4,10.4,26.9,0.088,0,0.833,0.52,0.87,0.799,0.005,0.024,0.023,0,0,0.027,0.121,393,339600
Morton,1193,1,-0.055,0.07,35721,36.7,9.1,4.9,0.914,27.1,13797,18.4,13.4,31.5,0.078,0,0.796,0.6,0.9,0.818,0,0,0.003,0,0,0.055,0.124,1481,348700
Moses Lake,24764,1,0.151,0.071,47914,31.9,9.2,4.9,0.882,16,11527,20,30.4,87.3,0.079,0,0.827,0.5,0.79,0.599,0.015,0.021,0.01,0,0.001,0.021,0.333,1347,333500
Moses Lake North,4796,1,-0.203,0.071,31048,28.6,9.2,4.9,0.772,18.9,11527,20,18.8,54.1,0.079,0,0.827,0.5,0.83,0.59,0.037,0.006,0.005,0.007,0,0.034,0.321,728,174500
Mossyrock,739,1,-0.164,0.07,38043,35.8,9,5,0.992,27.1,10671,17.2,10.4,26.1,0.078,0,0.796,0.6,0.87,0.651,0,0,0.003,0,0,0.058,0.287,1223,425400
Mount Vernon,34824,1,0.088,0.072,44404,34.7,9.1,5.5,1.17,24.1,11115,18.6,13,60.1,0.087,0,0.791,0.52,0.64,0.573,0.013,0.029,0.015,0.002,0.001,0.025,0.343,2951,517600
Mount Vista,9924,1,0.184,0.062,71906,41.4,9.3,5.2,1.242,22.9,9471,20,11.3,39.6,0.084,0,0.776,0.47,0.43,0.881,0.003,0.041,0.003,0,0.005,0.036,0.031,1768,449100
Mountlake Terrace,21210,1,0.046,0.063,61477,36.7,9.3,5.5,1.322,30.6,10150,20.6,10,40.3,0.103,0,0.801,0.53,0.27,0.648,0.063,0.12,0.004,0.012,0.001,0.049,0.104,5231,628900
Moxee,4303,1,0.362,0.072,56354,25.7,9.1,5.1,0.966,19.2,13639,18.7,9.4,14.3,0.079,0,0.813,0.53,0.86,0.422,0.004,0.009,0.035,0,0,0.021,0.509,1895,344300
Mukilteo,21409,1,0.063,0.063,89942,44.4,9.2,5.4,1.481,26.3,10418,19.9,9.1,36.1,0.103,0,0.801,0.53,0.42,0.695,0.015,0.181,0.006,0.001,0,0.045,0.058,3410,801600
Naches,729,1,0.092,0.072,49231,43,8.5,4.8,0.922,18.9,9281,18.3,11.8,36.1,0.079,0,0.813,0.53,0.82,0.883,0.03,0,0.013,0,0,0,0.075,1244,330500
Napavine,1495,1,0.026,0.07,49286,35.9,9.1,5.3,0.963,27.7,9645,18.2,9.8,22,0.078,0,0.796,0.6,0.74,0.912,0,0,0.02,0,0,0.028,0.041,706,382500
Naselle,523,1,-0.457,0.082,46042,42.9,8.6,5.1,0.908,19.3,10188,22.3,10.2,31.3,0.081,0,0.8,0.5,0.94,0.809,0,0,0.09,0,0,0,0.101,182,338000
Navy Yard City,2784,1,0.24,0.058,46602,27.1,9.2,5.3,0.913,30.3,11195,17,15.5,54.4,0.09,0,0.834,0.4,0.58,0.72,0.025,0.01,0.016,0.011,0,0.098,0.12,5383,270400
Neah Bay,1079,1,0.426,0.074,31645,33,8.6,4.6,0.74,21.2,17323,12,14.9,44.9,0.084,0,0.803,0.6,0.97,0.099,0,0,0.732,0.004,0,0.11,0.055,451,148200
Neilton,299,1,0.063,0.088,57841,41.7,8.7,4.4,0.828,25.8,24779,11.8,11.1,33.7,0.088,0,0.833,0.52,0.91,0.831,0,0,0,0,0,0,0.169,41,125200
Nespelem,207,1,0.285,0.079,36250,32.2,8.8,4.4,0.703,17.2,22046,13.3,14.2,43.1,0.081,0,0.825,0.6,0.92,0.092,0,0,0.859,0,0,0.049,0,1263,129500
Nespelem Community,355,1,0.533,0.079,22031,35.3,8.8,4.4,0.664,17.2,22046,13.3,16.2,48.5,0.077,0,0.825,0.6,0.92,0.042,0,0,0.931,0,0,0.015,0.012,11,162300
Newcastle,12855,1,0.15,0.054,110456,39.2,9.3,5.4,1.852,28.3,12865,20.9,9.1,35.5,0.1,0,0.817,0.6,0.38,0.605,0.029,0.285,0,0,0.002,0.044,0.035,2903,1164600
Newport,2064,1,-0.038,0.092,32275,43.6,8.8,3.4,0.968,29.2,11723,17.9,21.2,92.8,0.076,0,0.795,0.6,0.82,0.922,0.002,0,0.023,0,0.005,0.027,0.019,1713,374400
Nile,118,1,-0.333,0.072,75609,78.5,8.5,4.8,1.069,18.9,9281,18.3,6.2,19,0.079,0,0.813,0.53,0.91,1,0,0,0,0,0,0,0,130,196000
Nisqually Indian Community,624,1,0.174,0.059,57188,35,9.1,5,1.077,13.9,9461,19.6,14,42.3,0.088,0,0.784,0.5,0.61,0.214,0.028,0.02,0.58,0.072,0,0.03,0.055,268,302100
Nooksack,1397,1,0.529,0.067,65368,30,9.1,5.2,1.119,29.2,10731,17.6,9.2,28,0.085,0,0.789,0.6,0.85,0.727,0.011,0,0.008,0,0.004,0.021,0.228,2347,475600
Normandy Park,6716,1,0.056,0.054,90446,50.2,9.5,5.5,1.715,27.4,12575,18.4,10.1,35.2,0.1,0,0.817,0.6,0.21,0.868,0,0.077,0,0,0.004,0.012,0.038,2629,948500
North Bend,7393,1,0.168,0.054,73571,38.8,8.9,4.9,1.607,29.4,9968,21.4,9.5,50,0.086,0,0.817,0.6,0.46,0.808,0.012,0.008,0,0,0,0.037,0.135,1726,863000
North Bonneville,1177,1,0.194,0.072,55179,47.8,9.2,4.9,1.082,30.5,11054,19.3,7.9,28.5,0.077,0,0.793,0.59,0.8,0.98,0.012,0,0,0,0,0.004,0.004,401,423400
North Fort Lewis,6229,1,0.723,0.068,65339,22.3,9.2,5.3,1.121,31.2,18279,19,16,50.3,0.101,0,0.8,0.6,0.66,0.519,0.155,0.051,0.001,0.014,0.008,0.088,0.164,920,478400
North Lynnwood,24562,1,0.298,0.063,60292,33.1,9.2,5.4,1.286,34,10150,20.6,14.9,49.9,0.103,0,0.801,0.53,0.33,0.512,0.06,0.172,0.005,0.008,0.004,0.09,0.15,7120,493900
North Marysville,185,1,3.526,0.063,64479,53,9.1,5.4,1.232,31.8,10836,20.8,8.7,26.3,0.103,0,0.801,0.53,0.55,0.924,0,0,0,0,0,0,0.076,143,509400
North Omak,313,1,1.033,0.079,40750,31.6,8.8,4.5,0.768,17.2,6716,24.8,13.5,41.2,0.081,0,0.825,0.6,0.94,0.375,0,0.023,0.527,0,0,0,0.074,63,303800
North Puyallup,1846,1,0.129,0.068,47297,51.4,9.2,5.5,1.118,32.8,10156,20.4,11.8,36.1,0.099,0,0.8,0.6,0.49,0.896,0.017,0.025,0.006,0,0,0.006,0.051,1919,256400
North Sultan,242,1,-0.148,0.063,81950,35.9,9.1,5.3,1.205,31.8,9954,18.7,8.2,25.1,0.103,0,0.801,0.53,0.81,1,0,0,0,0,0,0,0,441,397300
North Yelm,3708,1,0.004,0.059,36959,36.3,9.2,5.1,0.896,25.6,9953,19.8,13.1,39.5,0.088,0,0.784,0.5,0.69,0.8,0.004,0,0.03,0,0,0.067,0.099,951,232500
Northport,252,1,0.022,0.08,26250,43,8.7,4,0.898,27.8,10550,15.6,19.8,48.2,0.076,0,0.804,0.6,0.89,0.916,0.006,0.012,0.006,0,0,0.06,0,535,241400
Northwest Stanwood,85,0,0.778,0.063,,52.5,9.1,5.5,1.043,31.8,9575,20.9,8.8,26.2,0.103,0,0.801,0.53,0.7,1,0,0,0,0,0,0,0,216,731900
Oak Harbor,24267,1,0.023,0.065,48362,29.6,9,5.8,1.065,18.6,8760,20.5,9.4,24,0.087,0,0.754,0.2,0.72,0.628,0.066,0.099,0.023,0.007,0.003,0.059,0.116,2458,478300
Oakesdale,385,1,0.303,0.048,46429,43,9,4.5,0.794,15.3,24010,9,5.5,21.7,0.078,0,0.825,0.27,0.89,0.954,0.009,0,0,0,0,0.014,0.023,409,256700
Oakville,674,1,0.238,0.088,45234,37.1,9.2,5.4,0.986,30.4,15059,11.8,14.9,47.7,0.088,0,0.833,0.52,0.89,0.739,0.001,0.006,0.069,0.021,0,0.05,0.115,1318,345000
Ocean City,189,1,-0.056,0.088,25909,59.7,8.6,5.3,1.004,25.8,10834,17.5,13,40.6,0.088,0,0.833,0.52,0.95,1,0,0,0,0,0,0,0,54,264400
Ocean Park,1794,1,0.108,0.082,23726,62.3,8.4,5,0.864,19.3,12133,19.2,11.5,35.2,0.081,0,0.8,0.5,0.95,0.957,0,0.012,0,0,0,0.024,0.008,647,325400
Ocean Shores,6637,1,0.086,0.088,43496,62.1,8.6,5.3,0.946,25.8,10834,17.5,14,39,0.088,0,0.833,0.52,0.95,0.866,0,0.046,0.04,0,0,0.028,0.019,789,347900
Odessa,899,1,-0.079,0.056,35759,54.7,9,4.8,0.757,24.3,18089,12.6,8.1,17.4,0.08,0,0.839,0.43,0.9,0.821,0.022,0.012,0.018,0,0,0.064,0.063,1110,198200
Okanogan,2990,1,0.025,0.079,35165,41.7,8.8,4.5,0.805,17.2,10688,19.4,13.6,41.6,0.082,0,0.825,0.6,0.92,0.774,0.027,0.003,0.021,0,0.012,0.021,0.141,1297,257700
Olympia,54579,1,0.092,0.056,52834,38.3,9.2,5,1.119,20.5,11785,20,20.4,61.2,0.088,0,0.784,0.5,0.49,0.785,0.026,0.068,0.008,0.002,0.002,0.036,0.074,2940,472500
Omak,4869,1,0.002,0.079,30410,38.3,8.8,4.5,0.819,17.2,6716,24.8,18.8,73.6,0.081,0,0.825,0.6,0.9,0.586,0.001,0.025,0.12,0,0,0.071,0.196,1250,239500
Onalaska,548,1,-0.004,0.07,60345,32.2,9,5,1.034,27.1,10441,19.1,13.2,40.3,0.078,0,0.796,0.6,0.86,0.821,0,0,0,0,0,0.133,0.047,484,435400
Orchards,28371,1,0.052,0.062,60184,33.3,9.3,5.3,1.126,27,9997,18.3,13.5,44.2,0.084,0,0.776,0.47,0.45,0.782,0.023,0.037,0.006,0.005,0,0.061,0.087,4281,358700
Orient,66,1,5.6,0.098,13000,54.5,8.8,3.7,0.8,22.2,13646,26.5,11.1,33.9,0.077,0,0.81,0.6,0.94,0.765,0,0,0.045,0,0,0.189,0,315,246400
Oroville,1694,1,0.028,0.079,30455,42.3,8.9,3.8,0.833,17.2,11994,15.2,12.2,69.8,0.081,0,0.825,0.6,0.96,0.644,0,0.001,0.074,0,0,0.052,0.229,999,240300
Orting,8781,1,0.189,0.068,72810,35.4,9.2,5.5,1.243,36.4,9377,20.7,11.3,30.6,0.079,0,0.8,0.6,0.73,0.817,0.025,0.013,0.014,0.001,0,0.06,0.07,3195,502900
Oso,274,1,0.087,0.063,34659,52.5,9.1,5.3,1.395,31.8,9230,21.1,8,24.7,0.103,0,0.801,0.53,0.81,1,0,0,0,0,0,0,0,82,507800
Othello,8470,1,0.127,0.055,42414,26,9.1,5.1,0.844,16.3,10600,19.6,25,53,0.079,0,0.81,0.28,0.79,0.202,0.001,0.018,0.002,0,0,0.002,0.775,2127,303000
Otis Orchards-East Farms,6133,1,0.148,0.063,58714,42.7,9.2,4.1,1.1,26,9865,19,10.1,34.5,0.081,0,0.82,0.38,0.69,0.95,0,0,0.006,0,0,0.013,0.031,859,419300
Outlook,318,0,-0.302,0.072,20288,23.4,8.8,5.4,0.916,18.9,10653,18.4,,,,,,,,0,0,0,0,0,0,0,1,,325000
Oyehut,0,0,-1,0.088,,,8.6,5,0.915,25.8,10834,17.5,,,,,,,,,,,,,,,,,262500
Pacific,7130,1,0.102,0.054,55907,33,9.3,5.5,1.281,29,11739,19.3,8.2,31.1,0.1,0,0.817,0.6,0.32,0.562,0.04,0.097,0.008,0.04,0,0.054,0.199,2972,503100
Pacific Beach,77,0,0.231,0.088,42233,31.2,8.6,4.8,1.314,25.8,10834,17.5,12.5,37.5,0.088,0,0.833,0.52,0.95,0.935,0,0.065,0,0,0,0,0,476,829400
Packwood,141,1,-0.487,0.07,27188,61.7,9.1,4.4,0.953,27.1,14738,17.2,13.9,42.6,0.078,0,0.796,0.6,0.91,0.978,0,0,0,0,0,0.022,0,251,415100
Palouse,1008,1,0.034,0.048,55125,50.3,9,4.4,0.86,15.3,14259,13.7,6,11.2,0.078,0,0.825,0.27,0.89,0.895,0.013,0.014,0.006,0,0,0.02,0.052,1008,317500
Parker,105,1,-0.882,0.072,26250,62.3,9,5.1,0.774,18.9,16160,18.4,16.4,50,0.079,0,0.813,0.53,0.85,0.6,0,0,0.15,0,0,0,0.25,513,174600
Parkland,38092,1,0.045,0.068,47647,31.3,9.3,5.5,1.16,29.4,10682,18.2,19.1,53.8,0.099,0,0.8,0.6,0.42,0.521,0.125,0.064,0.01,0.044,0.002,0.085,0.148,4636,428600
Parkwood,7115,1,-0.065,0.058,56924,36.9,9.3,5.4,1.071,28.6,9383,20.8,14.8,52.1,0.09,0,0.834,0.4,0.57,0.821,0.03,0.037,0.002,0.015,0.003,0.025,0.067,2647,380000
Pasco,76398,1,0.305,0.07,54700,29.3,8.9,5.5,0.972,21.6,10010,19.2,18.4,33.3,0.086,0,0.795,0.2,0.62,0.386,0.018,0.024,0.003,0.001,0.001,0.016,0.551,2277,372500
Pateros,647,1,0.625,0.079,38125,27,8.8,3.6,0.928,17.2,13777,14.7,13.4,40.7,0.081,0,0.825,0.6,0.94,0.451,0,0,0.015,0,0.012,0.047,0.475,1428,391300
Pe Ell,585,1,0.351,0.07,45000,36.3,9,5.2,0.904,27.1,12990,15,29.8,22,0.078,0,0.796,0.6,0.84,0.911,0,0,0.006,0,0,0.076,0.006,1156,304000
Peaceful Valley,3234,1,0.303,0.067,43083,35.4,9,4.7,0.92,21,11652,17.8,16.4,56.5,0.085,0,0.789,0.6,0.92,0.762,0,0.018,0,0,0,0.026,0.194,270,192700
Picnic Point,9755,1,0.058,0.063,91552,42.3,9.3,5.5,1.441,30,10418,19.9,10.2,35.5,0.103,0,0.801,0.53,0.41,0.735,0.03,0.122,0.001,0,0.001,0.065,0.046,3232,639200
Pine Grove,84,1,0.11,0.098,37188,55.1,8.9,3.7,0.892,22.2,12393,15.6,6.3,19,0.077,0,0.81,0.6,0.94,0.946,0,0,0,0,0,0.054,0,233,216600
Point Roberts,1210,1,-0.027,0.067,50133,56.3,9.2,5.3,0.979,21,11190,19.5,11.2,34.6,0.085,0,0.789,0.6,0.8,0.902,0,0.05,0.004,0,0,0.02,0.024,279,356200
Pomeroy,1387,1,-0.101,0.071,48879,52,9,4.6,0.779,19.9,16674,15.3,10.1,31.1,0.077,0,0.81,0.2,0.92,0.869,0,0.021,0.004,0,0,0.065,0.041,809,220400
Port Angeles,19888,1,0.018,0.074,39524,38.9,8.8,5.2,0.971,17.4,9925,18.1,28.5,65.6,0.086,0,0.803,0.6,0.69,0.834,0.022,0.026,0.019,0,0.002,0.044,0.054,1902,415900
Port Angeles East,3221,1,0.081,0.074,52131,45.6,8.8,5.2,0.898,21.2,9925,18.1,13.5,46.4,0.084,0,0.803,0.6,0.8,0.913,0.01,0,0.013,0.002,0,0.031,0.03,1024,311800
Port Gamble Tribal Community,796,1,-0.154,0.058,60170,39,9.2,5.4,1.167,30.3,9792,21.3,12.7,38.3,0.09,0,0.834,0.4,0.7,0.425,0,0.001,0.473,0,0,0.071,0.03,229,537300
Port Hadlock-Irondale,3503,1,-0.056,0.076,31761,43.4,9,5.7,0.966,23.5,10931,20.5,13.7,47.8,0.09,0,0.845,0.53,0.85,0.88,0,0,0.009,0,0,0.066,0.044,606,334500
Port Ludlow,3046,1,-0.123,0.076,70022,66.4,9.1,5.7,1.149,23.5,10931,20.5,8.5,26.1,0.09,0,0.845,0.53,0.84,0.928,0,0.006,0.019,0,0,0,0.048,246,629600
Port Orchard,15315,1,0.255,0.058,55521,35.5,9.3,5.4,1.159,27.9,9383,20.8,27.7,80.5,0.09,0,0.834,0.4,0.62,0.717,0.037,0.068,0.007,0.01,0,0.062,0.099,1525,482900
Port Townsend,10002,1,0.027,0.076,43050,55,9,5.7,1.095,23.5,10846,18.3,23.1,42.5,0.09,0,0.845,0.53,0.75,0.91,0.006,0.027,0.004,0,0,0.02,0.033,1434,579900
Porter,111,1,0.121,0.088,36500,40.3,9,5,0.871,25.8,10842,19.6,8.9,27.5,0.088,0,0.833,0.52,0.89,0.932,0,0,0,0,0,0.068,0,27,342000
Poulsbo,11652,1,0.138,0.058,57296,40.5,9.2,5.4,1.261,27.4,9792,21.3,12.2,44.5,0.09,0,0.834,0.4,0.66,0.768,0.01,0.038,0.002,0,0,0.059,0.123,2365,596800
Prairie Heights,4610,1,0.107,0.068,85299,33.8,9.1,5.2,1.247,41.6,9859,20.8,12.4,42.1,0.099,0,0.8,0.6,0.68,0.793,0.015,0.009,0.002,0,0,0.008,0.173,1335,471700
Prairie Ridge,12575,1,0.097,0.068,70905,37,9.1,5.2,1.173,38.3,10690,21,12.5,40.9,0.099,0,0.8,0.6,0.62,0.831,0.006,0.007,0.013,0,0.001,0.057,0.084,3371,362100
Prescott,299,1,0.131,0.052,31875,42,9,5.3,0.807,15.6,11677,19.8,14.4,43.6,0.081,0,0.791,0.4,0.8,0.751,0.012,0,0,0,0,0,0.238,773,366200
Prosser,6061,1,0.091,0.059,53736,34.1,8.9,5.4,0.96,20.8,10042,17.8,14.4,31.4,0.086,0,0.807,0.33,0.83,0.586,0.006,0.002,0.021,0,0,0.002,0.383,1400,350200
Puget Island,1153,1,0.003,0.074,49917,53.2,9,5,1.026,0,12030,18.3,10.7,32.5,0.076,0,0.793,0.6,0.9,0.942,0,0.04,0.018,0,0,0,0,134,251600
Pullman,32968,1,0.13,0.048,24487,21.9,9,4.4,0.968,11.7,9247,21,11,22.3,0.078,0,0.825,0.27,0.82,0.731,0.027,0.114,0.004,0.002,0,0.055,0.067,3218,406800
Purdy,1429,1,-0.151,0.068,43798,57.4,9.3,5.4,1.264,31.2,9358,20.8,9.7,29.5,0.099,0,0.8,0.6,0.66,0.884,0,0.027,0.006,0,0,0.047,0.037,501,289300
Puyallup,42366,1,0.08,0.066,63009,38.3,9.2,5.5,1.256,31.7,10156,20.4,18.5,93.6,0.099,0,0.8,0.6,0.44,0.756,0.03,0.059,0.008,0.002,0.001,0.065,0.079,3011,499500
Queets,145,1,-0.416,0.076,20938,32.5,8.6,4.6,0.673,23.5,42913,5.8,16.3,49.7,0.09,0,0.845,0.53,0.92,0.01,0,0,0.879,0.01,0,0.101,0,154,100500
Quilcene,521,1,-0.386,0.076,51438,49.7,9,5.4,1.005,23.5,9424,27.5,14.5,44.2,0.09,0,0.845,0.53,0.9,0.817,0,0.081,0.081,0,0,0.014,0.007,53,460000
Qui-nai-elt Village,49,1,1,0.088,103750,49.8,8.6,4.8,0.883,25.8,20627,10.2,8.4,25.2,0.088,0,0.833,0.52,0.97,0.051,0,0,0.861,0,0,0,0.089,114,160200
Quincy,7630,1,0.156,0.071,38322,27.4,9.3,4.7,0.921,18.9,10420,17.8,19.3,63.9,0.079,0,0.827,0.5,0.82,0.232,0,0.005,0.006,0,0,0.001,0.755,1402,384200
Raft Island,369,1,-0.071,0.068,98036,61.9,9.3,5.5,1.819,31.2,9358,20.8,6.2,18.6,0.099,0,0.8,0.6,0.68,1,0,0,0,0,0,0,0,1332,786400
Rainier,2772,1,0.447,0.059,66713,33.4,9.1,5.2,1.153,38.7,10188,18,15.6,30.3,0.079,0,0.784,0.5,0.76,0.758,0.083,0.012,0.005,0.005,0.001,0.044,0.092,1356,447200
Ravensdale,671,1,0.815,0.054,105893,34.8,8.9,5,1.568,29.1,9262,21.8,9.3,28.3,0.086,0,0.817,0.6,0.79,0.868,0,0.009,0,0.026,0,0.092,0.005,379,811200
Raymond,3035,1,-0.028,0.082,34844,37.5,8.6,5,0.782,19.3,10854,17.1,8.3,24.9,0.081,0,0.8,0.5,0.9,0.647,0,0.064,0.005,0,0,0.048,0.236,748,260000
Reardan,545,1,0.118,0.056,42981,38.6,9,3.9,0.948,24.3,10845,18.2,7.9,18.8,0.08,0,0.839,0.43,0.9,0.898,0,0,0,0,0,0.021,0.081,1247,390900
Redmond,72166,1,0.165,0.041,99586,34.4,9.3,5.5,1.933,22.9,15473,19.3,10.6,44.2,0.1,0,0.817,0.6,0.36,0.528,0.016,0.339,0.001,0.002,0.001,0.038,0.075,4378,1186200
Renton,105313,1,0.154,0.065,65223,35.8,9.3,5.4,1.446,30.9,13146,19.3,19.9,74.1,0.1,0,0.817,0.6,0.34,0.458,0.099,0.224,0.004,0.016,0.001,0.061,0.137,4329,676600
Republic,1155,1,-0.18,0.098,24250,45.1,8.9,3.7,0.812,22.2,12393,15.6,21.1,18.5,0.077,0,0.81,0.6,0.94,0.82,0.004,0.005,0.013,0.012,0,0.053,0.093,723,245600
Richland,59718,1,0.179,0.053,69372,36.5,8.9,5.5,1.002,19.6,8884,22,15.2,35.3,0.086,0,0.807,0.33,0.72,0.783,0.016,0.049,0.006,0.001,0.001,0.034,0.11,1522,414200
Ridgefield,10432,1,0.521,0.062,91205,38.3,9.2,5.1,1.368,36.3,13699,22.4,8.9,20.5,0.077,0,0.776,0.47,0.6,0.898,0.003,0.045,0,0,0,0.022,0.031,1549,642200
Ritzville,1840,1,-0.203,0.055,38476,50.3,9,4.7,0.749,17.8,14292,15.4,8.5,66.8,0.077,0,0.81,0.28,0.89,0.828,0,0.024,0.003,0,0,0.066,0.08,944,229400
River Road,1056,1,0.753,0.074,31944,53.8,8.9,5.6,1.137,21.2,9087,19.4,9.9,30.5,0.084,0,0.803,0.6,0.84,0.55,0,0,0,0,0,0.083,0.367,2914,402300
Riverbend,2377,1,0.114,0.054,96284,43.9,8.9,4.9,1.462,30.2,9968,21.4,6.9,21.3,0.1,0,0.817,0.6,0.79,0.946,0,0,0,0,0,0,0.054,815,566500
Riverside,436,1,-0.337,0.079,32227,35.3,9,3.5,0.849,17.2,6716,24.8,12.2,37.1,0.081,0,0.825,0.6,0.95,0.833,0,0.003,0.091,0,0,0.018,0.055,309,276900
Rochester,6065,1,0.456,0.059,59334,39.3,9.1,5.2,1.109,25.6,9698,18.9,9.7,29.4,0.079,0,0.784,0.5,0.76,0.792,0,0,0.028,0,0,0.038,0.142,1376,463400
Rock Island,1393,1,0.615,0.059,42500,36.1,9.3,4.1,0.902,18.2,15966,19.7,13,39.3,0.082,0,0.81,0.6,0.9,0.518,0,0,0.013,0,0,0.008,0.46,1601,372700
Rockford,416,1,-0.355,0.063,56042,43.7,9.1,4.1,1.01,21.5,11266,19.8,10.9,33.6,0.081,0,0.82,0.38,0.88,0.885,0,0,0.031,0,0,0.026,0.059,726,397100
Rockport,55,1,-0.013,0.07,31964,60.5,9,4.3,1.034,25.4,13434,17.9,13.1,40.7,0.085,0,0.791,0.52,0.93,1,0,0,0,0,0,0,0,225,337200
Rocky Point,1474,1,0.042,0.058,50801,50.5,9.2,5.3,1.082,30.3,11195,17,10.7,32.5,0.09,0,0.834,0.4,0.62,0.865,0,0.04,0,0,0,0.079,0.016,2154,342100
Ronald,158,1,1.654,0.071,58889,57.9,9,3.3,1.103,21.3,10652,17.8,9.4,28.8,0.08,0,0.803,0.6,0.94,1,0,0,0,0,0,0,0,350,541700
Roosevelt,151,1,-0.053,0.064,17188,43.7,9.1,5,0.765,24.1,14581,12,13.2,40.8,0.07,0,0.803,0.47,0.92,0.579,0,0,0,0,0,0,0.421,31,101300
Rosalia,598,1,-0.124,0.048,34830,38.5,9,4.3,0.744,15.3,16650,11.1,6,5,0.078,0,0.825,0.27,0.9,0.855,0.003,0,0.01,0,0,0.017,0.115,868,214100
Rosburg,381,1,0.51,0.074,50893,48,8.7,5.1,0.905,0,10188,22.3,8.3,25.3,0.076,0,0.793,0.6,0.9,0.917,0,0,0.018,0,0,0.029,0.036,19,294700
Rosedale,4421,1,0.268,0.068,89423,41.3,9.3,5.4,1.6,34.9,9358,20.8,10.7,36.7,0.099,0,0.8,0.6,0.69,0.761,0.028,0.028,0.01,0.009,0,0.123,0.041,1063,756700
Roslyn,703,1,-0.157,0.071,56932,41.4,9.2,3.6,0.981,21.3,10652,17.8,12.5,38.6,0.08,0,0.803,0.6,0.94,0.982,0,0,0.006,0,0,0.006,0.006,225,431500
Roy,910,1,0.025,0.068,61477,40.2,9.2,5.2,1.275,31.2,10733,20.8,17.3,28.4,0.099,0,0.8,0.6,0.73,0.806,0.004,0.031,0.024,0,0,0.048,0.086,1697,562900
Royal City,2270,1,-0.012,0.071,30670,25.3,8.9,5.1,0.893,19,10046,20.3,13.3,26.5,0.079,0,0.827,0.5,0.93,0.085,0,0,0,0,0,0,0.915,1983,351000
Ruston,1238,1,0.234,0.068,81300,40,9.3,5.5,1.42,29.7,12309,18.6,15.6,54.8,0.099,0,0.8,0.6,0.5,0.833,0.019,0.024,0.011,0.002,0.002,0.048,0.062,3188,723800
Ryderwood,402,1,0.006,0.07,29722,72.9,9.1,5.2,0.879,24.6,9200,19.8,10,30.5,0.078,0,0.783,0.6,0.8,1,0,0,0,0,0,0,0,2230,234700
Salmon Creek,19809,1,0.052,0.062,68231,41.1,9.3,5.3,1.239,25.6,9471,20,12.4,40.7,0.084,0,0.776,0.47,0.46,0.821,0.008,0.035,0.003,0.005,0.006,0.034,0.088,3606,412600
Sammamish,66532,1,0.451,0.041,144775,38.7,9.1,5.2,2.108,32.5,15473,19.3,7.9,15.6,0.1,0,0.817,0.6,0.52,0.641,0.009,0.274,0,0.001,0.002,0.034,0.039,3227,1395400
Santiago,76,1,0.529,0.088,18750,27.5,8.6,4.8,0.754,25.8,20627,10.2,16.4,50,0.088,0,0.833,0.52,0.97,0.115,0,0,0.577,0.308,0,0,0,18,194500
Satsop,605,1,0.202,0.088,52500,51.4,9,5,0.967,25.8,9388,16.1,9.8,29.5,0.089,0,0.833,0.52,0.86,0.939,0,0,0.002,0,0,0.059,0,87,370700
Seabeck,860,1,0.425,0.058,80373,55.4,9.2,5.3,1.294,30.3,10543,18.6,8.1,25,0.09,0,0.834,0.4,0.78,0.801,0,0.123,0,0,0,0.049,0.027,361,622800
SeaTac,30867,1,0.082,0.095,45573,34.1,9.4,5.5,1.319,29.3,12575,18.4,35,73.6,0.1,0,0.817,0.6,0.15,0.322,0.233,0.157,0.007,0.023,0.004,0.071,0.183,2893,529700
Seattle,726054,1,0.156,0.048,67365,35.7,9.4,5.6,1.678,27.5,12436,17.6,32.3,76.9,0.101,0,0.817,0.6,0.15,0.653,0.07,0.144,0.005,0.004,0.003,0.058,0.065,9178,823900
Sedro-Woolley,12266,1,0.101,0.07,44014,33.7,9,5.2,1.091,25.2,13839,19.1,8.7,60.1,0.085,0,0.791,0.52,0.78,0.765,0.018,0.003,0.01,0.003,0,0.051,0.151,2817,433400
Selah,8081,1,0.109,0.072,50333,35.6,8.9,5,1.013,18.9,11022,19,6,22.7,0.079,0,0.813,0.53,0.64,0.864,0.011,0.004,0.004,0,0,0.007,0.11,1776,378800
Sequim,7896,1,0.087,0.074,38739,58,8.9,5.6,1.104,23.5,9087,19.4,16.1,68.5,0.084,0,0.803,0.6,0.78,0.781,0.017,0.033,0.01,0,0.033,0.037,0.089,1225,506600
Shadow Lake,2200,1,0.336,0.054,93250,46.2,9.1,5.2,1.473,28.9,9262,21.8,7.8,23.7,0.1,0,0.817,0.6,0.53,0.815,0.052,0.028,0,0.006,0,0.031,0.067,546,637700
Shelton,10288,1,0.019,0.077,40833,36.6,9.1,5,0.976,24.9,10253,17.7,19.2,93.8,0.085,0,0.811,0.5,0.64,0.739,0.004,0.012,0.005,0,0,0.05,0.191,1889,382900
Shoreline,58213,1,0.055,0.057,64096,41.7,9.3,5.6,1.589,31,19740,20.8,10.7,39.9,0.1,0,0.817,0.6,0.27,0.647,0.061,0.138,0.01,0.002,0.001,0.045,0.095,5002,752700
Silvana,17,0,-1,0.063,109038,,9.1,5.5,1.318,31.8,9230,21.1,,,,,,,,,,,,,,,,,731900
Silver Firs,22122,1,0.057,0.063,102480,37.2,9.1,5.3,1.319,36.3,12507,21.3,10.1,33.1,0.077,0,0.801,0.53,0.39,0.726,0.02,0.131,0.002,0.003,0.002,0.047,0.069,3609,663500
Silverdale,21301,1,0.097,0.058,59260,36.5,9.2,5.4,1.201,24.8,10543,18.6,13.5,45.1,0.09,0,0.834,0.4,0.64,0.688,0.042,0.098,0.003,0.004,0.001,0.078,0.087,1720,560100
Sisco Heights,3257,1,0.189,0.063,97424,45.4,9.1,5.3,1.351,32.8,9230,21.1,7.8,23.7,0.103,0,0.801,0.53,0.66,0.919,0.005,0.005,0.013,0.006,0,0.01,0.043,243,523400
Skamokawa Valley,249,1,-0.11,0.074,26131,59.8,8.8,5,0.958,0,12030,18.3,12.2,36.9,0.076,0,0.793,0.6,0.9,0.833,0,0.03,0,0,0,0.137,0,12,262100
Skokomish,593,1,0.226,0.077,29000,25.4,9.1,5,0.811,32.1,15192,15.2,15.2,46,0.085,0,0.811,0.5,0.84,0.15,0.004,0.008,0.694,0.021,0,0.081,0.042,126,173100
Skykomish,104,1,-0.192,0.054,38906,59.9,8.7,3.8,1.2,29.1,52611,4.8,11.7,36.1,0.086,0,0.817,0.6,0.68,0.851,0.079,0.04,0,0,0,0.03,0,704,408300
Snohomish,10091,1,0.074,0.063,52250,37,9.1,5.3,1.496,29.8,14334,22.7,15.4,59.4,0.077,0,0.801,0.53,0.48,0.818,0.006,0.032,0.01,0,0.005,0.034,0.094,2978,858200
Snoqualmie,13718,1,0.429,0.054,130060,34.7,9.1,5.2,1.724,32.2,9968,21.4,7.8,20.6,0.086,0,0.817,0.6,0.78,0.784,0.003,0.119,0.002,0,0.005,0.054,0.033,1887,989100
Snoqualmie Pass,430,1,1.238,0.071,53409,51.2,9,4.5,1.237,21.3,21511,10.3,9.8,30.7,0.089,0,0.803,0.6,0.94,0.702,0.191,0.017,0,0,0,0,0.089,92,858600
Soap Lake,1333,1,0.301,0.071,26250,55.6,9.1,4.8,0.819,18.9,13789,15.2,22.1,42.6,0.079,0,0.827,0.5,0.91,0.685,0.008,0.004,0.048,0.008,0,0.031,0.215,1065,289700
South Bend,1728,1,-0.175,0.082,30699,45.4,8.6,5,0.805,19.3,12706,14.1,14.4,10.8,0.081,0,0.8,0.5,0.94,0.644,0.004,0.072,0.018,0,0.009,0.033,0.22,1071,266300
South Cle Elum,778,1,-0.13,0.071,44792,38.3,9.2,3.7,0.966,21.3,10652,17.8,10.6,32.7,0.08,0,0.803,0.6,0.94,0.916,0,0,0,0,0,0,0.084,1423,361800
South Creek,2019,1,-0.005,0.068,49943,50.1,9.1,5.3,1.29,43.3,10733,20.8,9.8,29.7,0.079,0,0.8,0.6,0.75,0.924,0.012,0,0.019,0,0,0.018,0.026,351,439700
South Hill,66713,1,0.074,0.068,74010,34.2,9.2,5.4,1.26,36.3,10156,20.4,15.1,45.9,0.097,0,0.8,0.6,0.5,0.671,0.042,0.064,0.013,0.012,0.003,0.077,0.118,3324,514500
South Prairie,357,1,-0.241,0.068,70568,45.8,9.1,5.2,1.145,32.1,9859,20.8,10.4,31.5,0.079,0,0.8,0.6,0.83,0.845,0,0.004,0.004,0,0,0.122,0.026,1139,315200
South Wenatchee,1383,1,1.053,0.059,54545,26.1,9.2,4.6,0.869,18.6,10141,18.3,13.9,41.9,0.084,0,0.806,0.59,0.7,0.46,0,0,0,0,0,0,0.54,1830,134300
Southworth,2017,1,-0.117,0.058,76488,52,9.3,5.4,1.189,30.3,9383,20.8,8,24.4,0.09,0,0.834,0.4,0.63,0.892,0,0.007,0.008,0,0,0.042,0.051,710,546300
Spanaway,34670,1,0.088,0.068,59988,34.1,9.2,5.4,1.207,35,10733,20.8,16.3,51.2,0.099,0,0.8,0.6,0.5,0.587,0.1,0.057,0.005,0.062,0,0.063,0.126,3769,468900
Spangle,265,1,-0.095,0.063,31667,49.5,9,4.1,1.154,21.5,14319,14.9,12.1,36.8,0.081,0,0.82,0.38,0.88,0.84,0,0.095,0.015,0,0,0.035,0.015,931,518200
Spokane,225709,1,0.031,0.066,42814,35.8,9.2,4,0.986,20.1,13120,17.6,28.6,95.3,0.088,0,0.82,0.38,0.44,0.815,0.022,0.028,0.015,0.008,0.001,0.05,0.062,3229,383100
Spokane Valley,102178,1,0.072,0.064,48274,38.1,9.3,4.1,1.022,20,9192,18.6,15.2,74,0.088,0,0.82,0.38,0.59,0.88,0.009,0.016,0.01,0.004,0,0.025,0.056,2727,370600
Sprague,571,1,0.05,0.056,29375,53,8.9,4.5,0.761,24.3,22852,7.6,10.4,31.4,0.08,0,0.839,0.43,0.9,0.828,0,0,0.007,0,0,0.098,0.067,449,149800
Springdale,506,1,0.171,0.08,19323,33.9,8.9,4,0.904,27.8,11020,17,25.4,11.5,0.076,0,0.804,0.6,0.87,0.833,0.013,0,0.021,0,0,0.029,0.103,460,297300
St. John,608,1,0.085,0.048,26136,55.1,9,4.6,0.772,15.3,20156,13,10.8,33.2,0.078,0,0.825,0.27,0.9,0.907,0.018,0,0,0,0.004,0.015,0.057,815,166500
Stansberry Lake,2062,1,0.524,0.068,69543,33,9.2,5.4,1.106,32.8,9358,20.8,9.5,28.8,0.099,0,0.8,0.6,0.73,0.85,0.011,0.012,0.013,0,0,0.022,0.092,1431,359300
Stanwood,7776,1,0.162,0.063,53600,33.2,9.1,5.5,1.297,27.2,9575,20.9,10.2,42.2,0.077,0,0.801,0.53,0.7,0.835,0.003,0.005,0.016,0,0,0.052,0.09,2590,610400
Starbuck,159,1,0.065,0.065,33846,65.5,8.9,5,0.718,16,17667,11.5,11.3,34.5,0.081,0,0.806,0.33,0.89,0.868,0,0,0.044,0,0.026,0.061,0,610,149900
Startup,549,1,-0.12,0.063,44441,43,9.1,5.3,1.052,31.8,9954,18.7,12.1,36.9,0.103,0,0.801,0.53,0.88,0.965,0,0,0,0,0,0.035,0,179,292100
Steilacoom,6673,1,0.016,0.068,57434,41.9,9.3,5.5,1.274,26.8,10711,20.4,11,20.8,0.099,0,0.8,0.6,0.53,0.69,0.055,0.088,0,0.004,0.004,0.083,0.077,3187,552900
Steptoe,109,1,-0.179,0.048,40250,55.2,9,4.6,0.702,15.3,24818,8.1,9.1,27.8,0.078,0,0.825,0.27,0.89,0.973,0,0,0,0,0,0,0.027,85,118000
Stevenson,1572,1,-0.132,0.072,43281,45.2,9.2,4.7,1.116,27.5,11054,19.3,13.5,41.5,0.077,0,0.793,0.59,0.86,0.902,0.014,0.014,0.022,0,0,0.016,0.032,989,466100
Sudden Valley,7251,1,0.135,0.067,76464,39.2,9,4.9,1.16,30.6,10143,19.9,10,34.6,0.087,0,0.789,0.6,0.84,0.809,0.005,0.02,0,0.011,0,0.038,0.117,1328,383000
Sultan,5208,1,0.122,0.063,55128,35.6,9.1,5.3,1.176,34.5,9954,18.7,19.6,35.6,0.089,0,0.801,0.53,0.81,0.797,0,0.025,0.014,0.009,0,0.05,0.106,1785,490400
Sumas,1392,1,0.692,0.067,55526,30.8,9.1,5.2,1.098,23.9,10731,17.6,8.4,25.6,0.085,0,0.789,0.6,0.85,0.715,0.005,0.021,0.012,0,0,0.057,0.19,1109,470000
Summit,8897,1,-0.007,0.068,65152,45.4,9.2,5.5,1.257,27.8,10682,18.2,11.4,39.2,0.099,0,0.8,0.6,0.49,0.812,0.035,0.029,0.01,0.002,0.001,0.05,0.061,1676,504800
Summit View,8593,1,0.081,0.068,62708,31.1,9.2,5.4,1.179,32.8,10156,20.4,15.2,53.4,0.099,0,0.8,0.6,0.48,0.73,0.063,0.025,0,0.019,0,0.083,0.08,2483,390600
Summitview,2009,1,0.116,0.072,93514,45.9,9.1,5,1.15,18.9,9356,20.4,9.9,30.3,0.079,0,0.813,0.53,0.77,0.819,0,0,0,0,0,0,0.181,475,360800
Sumner,10545,1,0.05,0.068,52275,35.1,9.1,5.2,1.223,28.4,10690,21,21.6,79.8,0.093,0,0.8,0.6,0.49,0.748,0.017,0.021,0.012,0.001,0.001,0.097,0.102,1402,514500
Sunday Lake,845,1,-0.043,0.063,108362,43.5,9.1,5.5,1.223,31.8,9575,20.9,9,27,0.103,0,0.801,0.53,0.73,0.928,0,0,0,0,0,0,0.072,415,677700
Sunnyside,16343,1,0.059,0.072,32641,25.7,8.8,5.4,0.898,18.3,10653,18.4,13.8,40.7,0.079,0,0.813,0.53,0.71,0.113,0.001,0.002,0.003,0,0,0.005,0.876,2253,280800
Sunnyslope,3505,1,0.055,0.059,76646,45,9.2,4.6,1.245,18.6,10141,18.3,8.8,30.3,0.084,0,0.806,0.59,0.9,0.912,0.001,0.02,0,0,0,0,0.067,470,572400
Suquamish,4251,1,0.065,0.058,55642,44.4,9.3,5.5,1.128,33.6,9792,21.3,13.3,45.8,0.09,0,0.834,0.4,0.68,0.731,0.003,0.024,0.098,0.002,0,0.075,0.067,632,417400
Swede Heaven,1180,1,0.411,0.063,51429,53.7,9.1,5.3,1.16,31.8,11754,16.4,10.4,31.6,0.103,0,0.801,0.53,0.92,0.875,0,0.011,0.083,0,0,0.023,0.009,155,379800
Tacoma,217332,1,0.043,0.073,51269,35.9,9.3,5.5,1.18,28.1,12309,18.6,43.3,85.2,0.101,0,0.8,0.6,0.34,0.603,0.097,0.087,0.011,0.012,0.003,0.071,0.116,4424,454100
Taholah,685,1,-0.207,0.088,28750,32,8.6,4.8,0.802,25.8,20627,10.2,15.8,48.3,0.088,0,0.833,0.52,0.97,0.038,0.001,0,0.831,0.013,0,0.014,0.104,221,136800
Tampico,395,1,3.227,0.072,34167,41.5,9,5.1,0.852,18.9,9356,20.4,15.7,47.1,0.079,0,0.813,0.53,0.91,0.953,0,0,0,0,0,0.047,0,122,360900
Tanglewilde,7068,1,0.069,0.059,53255,37.5,9.2,5.2,1.05,26.4,9461,19.6,13.6,47.3,0.088,0,0.784,0.5,0.37,0.716,0.042,0.096,0.013,0,0.007,0.045,0.081,4712,344100
Tanner,968,1,0.399,0.054,141818,44,8.9,4.9,1.615,29.1,9968,21.4,7,21.2,0.1,0,0.817,0.6,0.65,0.967,0,0,0,0,0,0.025,0.008,252,787300
Tekoa,742,1,-0.13,0.048,45179,46.7,8.9,4.4,0.744,15.3,16464,10.2,10.9,33.3,0.078,0,0.825,0.27,0.9,0.863,0.013,0.013,0.001,0,0,0.017,0.093,631,219900
Tenino,1854,1,-0.164,0.059,52865,36.4,9.1,5.1,1.129,27.7,9769,19.6,13.4,36.9,0.079,0,0.784,0.5,0.75,0.827,0.005,0.01,0.002,0,0,0.082,0.074,1299,441300
Terrace Heights,9114,1,0.175,0.072,57865,39.7,8.9,5.1,0.96,18.9,13639,18.7,13,44.8,0.079,0,0.813,0.53,0.73,0.758,0.02,0.01,0.007,0,0,0.039,0.165,996,318300
Thorp,79,1,0.32,0.071,48333,37,8.3,3.2,1.089,21.3,22881,9.4,12.5,38.4,0.08,0,0.803,0.6,0.94,0.983,0,0,0.013,0,0,0,0.003,278,430700
Three Lakes,3489,1,0.238,0.063,96528,45.2,9.1,5.3,1.485,37.8,14334,22.7,9.3,31.4,0.103,0,0.801,0.53,0.66,0.956,0.005,0.013,0.006,0,0,0.008,0.012,313,681600
Tieton,2044,1,0.308,0.072,39063,28.7,9.2,4.2,0.904,18.9,9702,16.9,6.8,22.5,0.079,0,0.813,0.53,0.9,0.252,0,0.006,0.008,0,0,0.013,0.721,1502,306300
Tokeland,205,1,1.409,0.082,62344,59.6,8.5,5.2,0.794,19.3,12893,16.1,9.7,29.6,0.081,0,0.8,0.5,0.94,0.876,0,0,0.097,0,0,0.027,0,708,252800
Toledo,485,1,-0.331,0.07,29728,45.7,9.1,5.3,1.021,27.1,9486,18.5,8.4,24.4,0.078,0,0.796,0.6,0.8,0.79,0,0.012,0,0,0.022,0.067,0.108,2003,475800
Tonasket,980,1,-0.134,0.079,19722,45.9,9,3.8,0.842,17.2,10039,18.1,27.4,37.9,0.081,0,0.825,0.6,0.94,0.829,0,0,0.024,0.004,0,0.048,0.095,1194,250200
Toppenish,8843,1,0.012,0.072,29135,26,8.8,5.2,0.869,19.7,10552,20.3,18.9,64.1,0.079,0,0.813,0.53,0.67,0.092,0.006,0.01,0.036,0,0.003,0.007,0.846,4149,235300
Torboy,223,1,1,0.098,36500,48.2,8.9,3.7,0.871,22.2,12393,15.6,15.3,47.6,0.077,0,0.81,0.6,0.94,1,0,0,0,0,0,0,0,53,309800
Touchet,370,1,0.274,0.052,45227,32.7,8.9,5.3,0.961,15.6,14255,13.2,9.8,30.6,0.081,0,0.791,0.4,0.88,0.762,0,0,0,0,0,0.018,0.22,368,468800
Town and Country,5479,1,0.024,0.063,60109,36.9,9.2,4,0.963,22.7,13120,17.6,12.3,42.7,0.088,0,0.82,0.38,0.41,0.875,0.008,0.028,0.01,0,0,0.044,0.035,4498,271800
Tracyton,5563,1,0.256,0.058,70000,37.6,9.2,5.4,1.12,30.3,10543,18.6,13.4,46.2,0.09,0,0.834,0.4,0.59,0.615,0.07,0.086,0,0.06,0.004,0.101,0.064,3256,364500
Trout Lake,732,1,0.272,0.064,50781,49.8,9,4.2,1.174,24.1,12809,13.1,9.6,29.7,0.07,0,0.803,0.47,0.86,0.943,0,0.015,0,0,0,0,0.041,102,586600
Tukwila,21545,1,0.079,0.054,44820,34.6,9.4,5.5,1.304,26.3,11701,19,41.4,97.6,0.1,0,0.817,0.6,0.17,0.329,0.171,0.237,0.006,0.021,0.005,0.082,0.15,2208,531700
Tumwater,24855,1,0.307,0.059,62258,37.9,9.1,5.1,1.09,20.9,10946,19.1,15.5,52.1,0.089,0,0.784,0.5,0.52,0.804,0.028,0.041,0.005,0.005,0.001,0.053,0.064,1395,448100
Twin Lakes,87,1,0.053,0.098,24688,58.1,8.7,4.1,0.896,22.2,16288,12.2,12.6,38.5,0.077,0,0.81,0.6,0.93,0.58,0,0,0.23,0.14,0,0.05,0,25,262400
Twisp,1211,1,0.132,0.079,30929,45.1,9,3.4,0.957,17.2,15286,17.2,8.8,39.5,0.084,0,0.825,0.6,0.97,0.855,0,0,0.008,0,0,0.01,0.128,841,448000
Union,307,1,-0.483,0.077,67773,68.1,9.1,5,1.047,32.1,15192,15.2,9.3,28.6,0.085,0,0.811,0.5,0.81,0.93,0,0,0,0,0,0.07,0,188,503000
Union Gap,6499,1,0.044,0.072,34624,35.6,9,5.1,0.843,17.9,10402,17.8,16.3,95.8,0.079,0,0.813,0.53,0.61,0.406,0,0.009,0.027,0,0,0.007,0.552,1104,227300
Union Hill-Novelty Hill,23060,1,0.205,0.054,124606,42,9.2,5.3,1.93,29.4,15473,19.3,9.2,30.2,0.086,0,0.817,0.6,0.56,0.679,0.011,0.24,0.003,0,0,0.027,0.041,975,1013600
Uniontown,351,1,0.189,0.048,63438,39.2,9,4.3,0.917,22.2,17241,12.7,6.5,14.8,0.078,0,0.825,0.27,0.9,0.962,0,0,0,0,0,0.038,0,363,337900
University Place,34565,1,0.047,0.055,59164,37.2,9.3,5.5,1.308,27.3,9828,19.2,15.4,36.2,0.099,0,0.8,0.6,0.4,0.649,0.079,0.099,0.005,0.002,0.001,0.086,0.08,4090,572100
Upper Elochoman,125,1,-0.773,0.074,4817,53.4,9,5,0.936,0,12030,18.3,12.7,38.1,0.076,0,0.793,0.6,0.9,1,0,0,0,0,0,0,0,55,307000
Vader,787,1,0.465,0.07,45125,32.8,9.1,5.2,0.897,27.1,9200,19.8,5.5,39.6,0.078,0,0.796,0.6,0.8,0.772,0,0,0.017,0,0,0.062,0.15,728,335700
Valley,108,1,1.552,0.08,12419,40,8.7,4.1,0.922,27.8,11846,30.2,13.3,39,0.076,0,0.804,0.6,0.87,0.825,0.123,0,0,0,0,0.053,0,425,309600
Vancouver,188331,1,0.07,0.064,50379,36.6,9.4,5.4,1.18,25.2,9997,18.3,21.6,46.6,0.084,0,0.776,0.47,0.35,0.729,0.024,0.051,0.005,0.013,0.002,0.049,0.127,3805,473000
Vantage,21,0,0.8,0.071,,,9.2,5,1.053,21.3,10328,19.1,9.2,26.9,0.082,0,0.803,0.6,0.9,1,0,0,0,0,0,0,0,64,421500
Vashon,10886,1,-0.029,0.054,72568,53.5,9.3,5.5,1.63,29.1,29743,19.8,11.6,40.4,0.086,0,0.817,0.6,0.59,0.918,0.002,0.021,0.005,0,0,0.006,0.048,279,886300
Vaughn,1201,1,-0.195,0.068,43036,60,9.2,5.4,1.409,31.2,9358,20.8,7.4,22.7,0.099,0,0.8,0.6,0.73,0.95,0,0,0,0,0,0,0.05,161,670000
Venersborg,4011,1,0.136,0.062,84256,44.9,9.2,5.1,1.445,27.6,9498,19.3,8.4,28.5,0.084,0,0.776,0.47,0.73,0.939,0.005,0.009,0.005,0.001,0,0.016,0.025,421,653500
Verlot,522,1,0.97,0.063,54922,39.3,9.1,5.1,1.452,31.8,11193,20.8,8,24.3,0.103,0,0.801,0.53,0.84,0.368,0,0,0,0,0,0,0.632,45,465100
Waitsburg,999,1,-0.007,0.052,44554,49,9,5,0.886,15.6,11811,15.3,11.1,33.9,0.081,0,0.791,0.4,0.88,0.909,0.008,0.008,0,0,0,0.027,0.049,1056,330500
Walla Walla,33765,1,0.045,0.058,42348,35.2,8.9,5.2,0.944,14.8,10552,18.3,24,61,0.089,0,0.791,0.4,0.6,0.665,0.02,0.021,0.005,0.001,0.001,0.039,0.246,2450,374600
Walla Walla East,2062,1,0.504,0.052,90396,45.4,8.9,5.2,1.006,15.6,10552,18.3,6.4,19.3,0.089,0,0.791,0.4,0.78,0.866,0.011,0.028,0,0,0,0.014,0.082,1479,435600
Waller,7907,1,0.105,0.068,63125,45.2,9.3,5.5,1.265,29.3,10156,20.4,12,41.3,0.099,0,0.8,0.6,0.48,0.799,0.041,0.03,0.023,0.002,0.001,0.047,0.058,1098,514200
Wallula,39,0,2.576,0.052,,12.8,8.8,5.4,0.777,15.6,10362,16.7,16.4,50,0.086,0,0.791,0.4,0.8,0.164,0,0,0,0,0,0,0.836,3200,159200
Walnut Grove,10764,1,0.124,0.062,56448,40.3,9.3,5.4,1.139,23.7,9471,20,12.8,44.5,0.084,0,0.776,0.47,0.38,0.772,0.015,0.07,0,0.004,0,0.055,0.084,2811,394200
Wapato,4652,1,0.037,0.072,32803,25.9,9,5.1,0.865,18.8,16160,18.4,20.1,46.1,0.079,0,0.813,0.53,0.68,0.067,0.004,0.002,0.122,0,0,0.016,0.79,4206,241900
Warden,2504,1,0.046,0.071,37661,28.6,9.1,5.1,0.823,18.9,12810,17.6,9.6,32.7,0.079,0,0.827,0.5,0.89,0.183,0,0.003,0.009,0,0,0.028,0.777,985,265500
Warm Beach,3313,1,0.102,0.063,79525,52.4,9.1,5.5,1.361,31.8,9575,20.9,7.7,23.4,0.103,0,0.801,0.53,0.69,0.928,0,0.035,0,0,0,0.007,0.03,661,571400
Washougal,16664,1,0.153,0.062,60353,39.3,9,4.9,1.276,28.8,9741,20.1,11.9,29.1,0.084,0,0.776,0.47,0.6,0.866,0.012,0.033,0.003,0.001,0,0.034,0.052,2945,565100
Washtucna,182,1,1.622,0.055,48750,41.3,8.8,5,0.683,17.8,27027,5.4,9.4,28.3,0.077,0,0.81,0.28,0.89,0.895,0,0.03,0.003,0,0,0.054,0.018,311,162000
Waterville,1461,1,0.47,0.059,42061,37.7,9.3,3.5,0.859,18.2,16534,14.2,10.6,32.6,0.082,0,0.81,0.6,0.97,0.911,0,0.01,0.028,0,0,0.045,0.006,1381,317900
Wauna,4506,1,0.137,0.068,75953,45.1,9.2,5.4,1.224,34.6,9358,20.8,10.9,37.3,0.079,0,0.8,0.6,0.68,0.828,0.014,0.026,0.035,0.009,0.003,0.058,0.027,753,405700
Waverly,181,1,-0.263,0.063,50357,41.4,8.9,4.2,0.864,21.5,14319,14.9,10.2,31.2,0.081,0,0.82,0.38,0.88,0.863,0,0.027,0,0,0,0.11,0,268,136500
Wenatchee,35086,1,0.076,0.061,47168,35.2,9.2,4.6,1.023,17.2,10141,18.3,14.2,45.8,0.084,0,0.806,0.59,0.71,0.632,0.006,0.006,0.013,0.001,0,0.024,0.318,3429,424200
West Clarkston-Highland,6080,1,0.086,0.045,38218,45.4,8.8,5.1,0.898,15.5,10027,19.8,14,48.5,0.077,0,0.811,0.33,0.71,0.903,0.014,0.001,0.003,0,0,0.048,0.031,2177,239400
West Pasco,1604,1,-0.698,0.07,83000,52.3,8.9,5.5,1.123,21.5,10010,19.2,7.3,21.9,0.086,0,0.795,0.2,0.7,0.741,0.079,0,0,0,0,0.071,0.109,796,517800
West Richland,15988,1,0.25,0.059,81778,36,9,5.4,1.041,23.4,8884,22,12.2,20.2,0.086,0,0.807,0.33,0.83,0.823,0.01,0.014,0.009,0,0.001,0.028,0.115,698,474900
West Side Highway,6380,1,0.132,0.07,53605,34.9,9.1,5,1.029,27.9,9528,19.8,13.4,46.2,0.081,0,0.783,0.6,0.68,0.866,0.012,0.02,0.017,0,0.004,0.036,0.045,2525,340900
Westport,2199,1,0.102,0.088,32538,43.8,8.6,5.3,0.884,25.8,12893,16.1,9.5,62.6,0.088,0,0.833,0.52,0.94,0.852,0,0.007,0.009,0,0,0.075,0.056,574,280800
Whidbey Island Station,2644,1,-0.369,0.065,40185,22.7,9,5.7,0.921,27.8,8760,20.5,14.7,47.4,0.087,0,0.754,0.2,0.85,0.599,0.18,0.007,0,0,0.021,0.006,0.187,317,448500
White Center,15716,1,0.209,0.054,42763,34.9,9.5,5.5,1.377,31.8,12575,18.4,18.5,53.7,0.1,0,0.817,0.6,0.19,0.349,0.113,0.174,0.012,0.056,0,0.067,0.229,7241,552800
White Salmon,2519,1,0.202,0.064,50213,41,9.2,4.5,1.149,24.1,9991,20.7,9,24.1,0.07,0,0.803,0.47,0.86,0.885,0,0.012,0,0,0,0.018,0.084,1815,650400
White Swan,759,1,-0.146,0.072,35893,21.4,8.9,5,0.845,18.9,12747,16.3,16.1,49,0.079,0,0.813,0.53,0.89,0.028,0,0,0.79,0,0,0.029,0.153,371,254700
Wilbur,677,1,-0.149,0.056,36385,50.8,8.9,4.4,0.899,24.3,14015,13.5,6.8,18.1,0.08,0,0.839,0.43,0.93,0.86,0.007,0.028,0.054,0.013,0,0.034,0.004,666,251200
Wilderness Rim,2270,1,0.084,0.054,95292,44.7,8.9,4.9,1.334,42.6,9968,21.4,6.1,18.7,0.1,0,0.817,0.6,0.79,0.786,0.077,0.025,0,0,0,0.092,0.02,2481,547500
Wilkeson,494,1,0.14,0.068,61607,37.6,8.7,4.9,1.17,35.8,9859,20.8,46.8,63.9,0.079,0,0.8,0.6,0.85,0.978,0,0,0.007,0,0,0.016,0,1116,423000
Willapa,133,1,-0.06,0.082,47500,49.9,8.6,5,0.869,19.3,19359,14.2,7.5,22.8,0.081,0,0.8,0.5,0.94,1,0,0,0,0,0,0,0,806,186900
Wilson Creek,219,1,-0.166,0.071,46023,52.4,9,4.8,0.741,18.9,17259,11.3,12,36.7,0.079,0,0.827,0.5,0.89,0.863,0.02,0,0,0,0.008,0.043,0.066,224,164800
Winlock,1924,1,0.203,0.07,39702,28.2,9.1,5.3,0.897,27.3,10914,18.6,8.4,46.2,0.078,0,0.796,0.6,0.84,0.653,0,0.021,0.001,0,0,0.037,0.288,1154,321600
Winthrop,351,1,0.334,0.079,53750,43.1,9,3.1,1.099,17.2,15286,17.2,8.5,35.7,0.081,0,0.825,0.6,0.98,0.774,0,0,0,0,0,0.027,0.2,529,621500
Wishram,489,1,0.475,0.064,33542,47.5,9.1,4.8,0.793,24.1,24732,9.2,14.5,44.6,0.07,0,0.803,0.47,0.86,0.879,0,0,0.087,0,0,0.005,0.03,369,160900
Wollochet,7020,1,-0.027,0.068,84436,46.2,9.3,5.5,1.553,24.1,9358,20.8,11.3,39.6,0.099,0,0.8,0.6,0.55,0.861,0.012,0.019,0.011,0,0,0.049,0.048,1161,684900
Woodinville,13247,1,0.096,0.054,97604,38.3,9.1,5.3,1.874,26.6,11405,20.3,13,47.7,0.1,0,0.817,0.6,0.37,0.81,0.01,0.104,0,0.002,0,0.042,0.031,2665,1214700
Woodland,6368,1,0.094,0.07,65065,31,9.1,5,1.236,25.2,13399,20,16.8,58,0.077,0,0.783,0.6,0.7,0.806,0,0.002,0.001,0,0,0.005,0.185,1591,517700
Woods Creek,6226,1,-0.037,0.063,101506,40.1,9.1,5.3,1.418,36.8,9437,23.6,9.9,33.7,0.103,0,0.801,0.53,0.76,0.856,0,0.004,0.005,0,0,0.046,0.089,448,575400
Woodway,1119,1,-0.093,0.063,132417,47.5,9.3,5.6,2.648,30.2,10150,20.6,6,24.6,0.103,0,0.801,0.53,0.5,0.805,0,0.119,0,0,0,0.045,0.031,1188,1906100
Yacolt,1482,1,0.052,0.062,58462,26.8,9,4.6,1.36,43.3,9498,19.3,9.7,29.6,0.077,0,0.776,0.47,0.81,0.959,0,0,0,0,0,0.016,0.025,3259,579600
Yakama Nation Reservation,609,1,-0.157,0.064,46458,56.3,9.1,4.3,1.009,24.1,28956,7.4,11,33.9,0.07,0,0.803,0.47,0.92,0.816,0.005,0,0.091,0,0,0.029,0.059,2,374400
Yakima,96266,1,0.051,0.061,40189,33.3,9,5.1,0.929,17,17315,19.2,28.8,69.7,0.082,0,0.813,0.53,0.4,0.485,0.009,0.011,0.012,0,0.001,0.02,0.462,3398,316400
Yarrow Point,1365,1,0.386,0.054,187500,48.6,9.4,5.7,4.447,29.1,14197,19.5,5.5,17.4,0.1,0,0.817,0.6,0.22,0.77,0.002,0.178,0,0,0.002,0.035,0.013,3140,4087200
Yelm,10205,1,0.362,0.059,49658,29.1,9.2,5.1,1.112,32.9,9953,19.8,16.7,73,0.079,0,0.784,0.5,0.71,0.708,0.024,0.033,0.022,0.006,0,0.027,0.18,1683,443200
Zillah,3154,1,0.109,0.072,58718,33.9,8.8,5.2,0.965,23.9,9260,18.2,7.6,27.5,0.079,0,0.813,0.53,0.88,0.539,0,0.002,0.036,0,0,0.015,0.409,1816,351200